"x","y","mmi","mmi_class"
842524.867666719,1168653.67810696,29.58,"Poor"
850717.320736525,1192050.50918418,22.75,"Poor"
840644.806548795,995227.718635113,34.25,"Poor"
887177.119246979,1245959.91504079,49.65,"Good"
893620.171885748,1147963.5138704,24.4,"Poor"
755733.242975685,1258108.83834981,25.68,"Poor"
939822.28281573,1240937.0164801,39.48,"Fair"
817402.982335959,1181378.76290653,35.5,"Fair"
941963.581341142,1346552.59086934,27.72,"Poor"
810166.855541261,1359521.858199,13.65,"Poor"
969611.772825722,1185934.29209851,47.65,"Good"
958995.059769447,1097864.77330171,80.53,"Good"
846989.108093598,929898.540503784,76.57,"Good"
747692.405122112,1325114.61779829,35.87,"Fair"
894259.703534117,1141124.06269024,28.28,"Poor"
786170.599769759,1128724.53553163,22.4,"Poor"
853029.719546832,1190917.73847628,54.8,"Good"
983240.190908495,972522.325418873,69.98,"Good"
749474.591995173,988320.137643375,46.08,"Fair"
842499.477267551,1049383.61051023,63.62,"Good"
847600.148837417,1256721.75206908,30.82,"Fair"
1029648.13336136,1099912.45534631,32.78,"Poor"
768087.045274727,935332.309134171,40.6,"Poor"
794410.69606307,1041055.64194488,22.25,"Poor"
808783.508380734,1354638.58476547,3.7,"Poor"
966024.190170299,1226418.90201711,43.68,"Fair"
962149.729556201,1028939.72013212,37.4,"Poor"
830146.159070248,1160175.83799675,59.12,"Good"
723343.728309478,1301965.84806316,69.08,"Good"
905733.382802472,1238822.85861443,3.83,"Poor"
720095.981140539,942660.532436934,20.48,"Poor"
785562.628634771,1165570.79836579,18.35,"Poor"
752135.724139158,1230803.04067187,45.82,"Fair"
989478.121568903,1157303.81966157,24.15,"Poor"
816546.879020758,1137827.36766725,55.37,"Good"
851907.605095645,1053247.51205229,52.37,"Fair"
494823.815447343,1465552.37575379,48.4,"Fair"
378893.403573909,1336121.50469625,11.67,"Poor"
281719.799631658,1470831.42109828,54.05,"Good"
165002.848878559,1273178.57447113,35.38,"Fair"
421167.273927199,1473667.81705587,64.78,"Good"
216939.790313488,1327980.28318424,68.12,"Good"
330001.739323412,1269022.56159964,29.28,"Poor"
230428.090047344,1204756.7074718,33.9,"Poor"
549133.822430649,1414549.58977241,31.63,"Poor"
446574.862723306,1265905.36922264,15.12,"Poor"
349240.537034965,1182300.84469782,15.03,"Poor"
486304.267626439,1306383.86200429,20.18,"Poor"
202377.846742621,1405105.20692553,61.87,"Good"
366669.657400037,1173078.4031241,31.48,"Poor"
239093.583646648,1322163.86467587,0,"Poor"
234305.631106886,1225381.0097093,57.12,"Good"
474385.090368372,1317641.53331682,17.92,"Poor"
197171.014145173,1174407.60675393,44.87,"Fair"
364334.414247129,1473292.72063075,29.82,"Poor"
499322.255260647,1401016.64735094,22.12,"Poor"
421332.51103435,1375964.5507307,6.25,"Poor"
440514.660496562,1274718.26329039,20.33,"Poor"
285861.941253986,1259390.22128456,40.25,"Poor"
324819.534304271,1368283.1307112,64.57,"Good"
167006.031864813,1376290.39528415,15.8,"Poor"
253924.246945834,1416616.73264466,28.42,"Poor"
148987.539814832,1167558.91852705,35.72,"Poor"
438052.082373231,1461762.55185962,37.77,"Poor"
303075.213924033,1484445.97020152,0,"Poor"
476894.297028113,1314710.79882192,28.57,"Poor"
411934.900619979,1343258.90676242,35.55,"Poor"
232970.181164472,1340578.26109548,15.37,"Poor"
201508.76137848,1110678.30603065,43.45,"Fair"
469192.081035775,1483615.15949206,37.68,"Poor"
347038.574561079,1452924.07268442,5.68,"Poor"
149623.869460766,1373310.22322455,10.1,"Poor"
459259.514046126,1229027.28018646,46.72,"Fair"
359652.240271582,1459235.99897943,30.38,"Poor"
393962.480534304,1393265.81216897,13.25,"Poor"
307304.856776004,1138707.55210509,0,"Poor"
253463.635173747,1490547.62730475,42.45,"Fair"
503131.389199739,1311743.15480072,14.68,"Poor"
221901.924600927,1406409.86540735,43.47,"Fair"
228834.372789063,1203789.79607464,41.93,"Fair"
445716.795063253,1194382.08417526,22.8,"Poor"
321283.767747463,1132514.91767797,52.75,"Fair"
308787.814415259,1209183.64010501,33.28,"Poor"
279490.776627909,1411405.04393047,65.7,"Good"
342706.626568336,1364534.47708808,11.45,"Poor"
200130.478330159,1295705.11426976,26.4,"Poor"
303178.920686896,1295872.40829064,32.38,"Fair"
184846.173055554,1132472.47482193,29.52,"Poor"
519706.696152825,1373437.87010757,19.88,"Poor"
163830.766083391,1336169.1301838,17.83,"Poor"
412641.290474462,1435883.15257711,16.98,"Poor"
432396.774362661,1180118.74592093,32.87,"Poor"
255206.102858319,1260882.86342397,33.25,"Fair"
478534.766472177,1495425.62968668,3.75,"Poor"
235995.336121977,1225616.69976651,34.28,"Fair"
276024.450388588,1322502.28665561,10.32,"Poor"
204856.172488549,1252222.02793335,36.35,"Fair"
398815.363852409,1235223.89771198,19.57,"Poor"
322465.987697622,1489463.02806405,26.98,"Poor"
475713.993403252,1460980.72775217,30.27,"Poor"
167706.706112037,1488318.76927499,6.75,"Poor"
349551.625811904,1383968.28666606,0,"Poor"
171418.86049908,1328459.30257078,11.25,"Poor"
162902.027645209,1245183.57397356,12.17,"Poor"
446686.588935256,1150432.17219854,35.75,"Poor"
171860.679500408,1372115.21769903,3.68,"Poor"
262071.008259592,1360015.86304081,11.43,"Poor"
518375.881935296,1338081.77715746,23.13,"Poor"
228486.993618593,1369723.21546021,14.55,"Poor"
152910.500767189,1374053.93886165,5.75,"Poor"
322358.57413615,1127763.45285278,24.37,"Poor"
398544.445482959,1429661.80999456,16.67,"Poor"
-1369639.15751543,1345086.74034934,38.13,"Fair"
-1563134.22728788,1396388.93566136,45.48,"Fair"
-1222047.08038949,1291210.58600246,26.93,"Poor"
-1231498.91300662,1275340.58584235,34.35,"Poor"
-1427834.78119143,1573045.88858607,55.25,"Fair"
-1223754.36815395,1174013.37090286,21.6,"Poor"
-1409656.042073,1566535.90851322,20.2,"Poor"
-1402647.06841479,1604631.22790526,23.13,"Poor"
-1412464.64634541,1150252.56442766,2.67,"Poor"
-1244389.00814387,1224607.04612394,69.4,"Good"
-1276384.59789901,1373738.13487776,46.73,"Fair"
-1435919.76558172,1394330.18367464,51.82,"Good"
-1531208.61751573,1588111.00231234,19.08,"Poor"
-1461736.29128784,1365636.75287765,10.63,"Poor"
-1460407.72699436,1599507.29316737,28.58,"Poor"
-1472580.84815215,1440931.87811344,19.38,"Poor"
-1576315.36923827,1684509.27220555,26.53,"Poor"
-1405480.39749617,1568954.22935701,8.33,"Poor"
-1706495.20809838,1324055.30467094,29.45,"Poor"
-1421429.83075749,1564924.26845155,9.52,"Poor"
-1717469.34460611,1300616.24188027,28.08,"Poor"
-1229433.9684319,1201229.81335054,81.05,"Good"
-1404665.45515808,1592010.04411029,14.15,"Poor"
-1368321.30478487,1279832.10012294,80.3,"Good"
-1697050.03072098,1235175.58735205,6.35,"Poor"
-1373415.73662863,1646709.68935458,6.17,"Poor"
-1536534.38578983,1590143.92121615,13.02,"Poor"
-1399654.8655824,1313811.07657571,63.53,"Good"
-1216802.16170738,1155998.40030055,24.9,"Poor"
-1463873.89559894,1611408.7893617,21.9,"Poor"
-1278271.26579312,1184323.55708485,56.03,"Fair"
-1230776.36278842,1191898.80006989,74.18,"Good"
-1244682.74048211,1201434.53384461,47.85,"Fair"
-1200914.58074028,1261562.32459695,46.33,"Fair"
-1416747.77028606,1055426.63932261,5.88,"Poor"
-1274000.79478906,1351098.29097457,13.03,"Poor"
-1875376.25789891,1391777.42977822,63.9,"Good"
-2283621.75241911,2043329.67618581,33.68,"Poor"
-2167043.61208912,2030412.57817357,29.45,"Poor"
-2242010.79037308,2140732.95812634,84.72,"Good"
-2039029.31542288,2002957.75483284,45.08,"Fair"
-2161195.35639022,1573555.38265848,73.9,"Good"
-2264607.77208622,2285662.70808664,54.02,"Good"
-2035146.41653327,1880469.31737335,55.47,"Good"
-2172715.71907812,2419222.01881282,79.62,"Good"
-2001655.25364058,1944749.25184446,70.72,"Good"
-2095560.68292158,1534907.60648964,43.77,"Fair"
-2306680.54911484,2352465.95255987,71.47,"Good"
-1899542.41722462,1298666.71894741,26.58,"Poor"
-2226245.20009168,1890170.53382255,71.95,"Good"
-2028741.27655416,1795900.43895703,46.5,"Fair"
-2254867.17359049,2363535.81806284,22.9,"Poor"
-2080635.69805043,1508086.42189875,44.75,"Fair"
-2292306.28203881,2082298.13767551,52.6,"Fair"
-2178694.76985503,2049077.02002162,36.35,"Poor"
-2223377.39196016,2294020.97930019,58.8,"Good"
-2037806.52974027,1505467.93734391,24.87,"Poor"
-2247712.69814208,2387184.20204114,34.67,"Poor"
-2016209.85077198,2316276.35572316,12,"Poor"
-2103861.9924361,2105154.40633367,67.82,"Good"
-2166004.05270912,2209644.0153095,57.03,"Good"
-2282823.6016673,2388046.97186427,25.83,"Poor"
-2113101.86226839,2169782.49546697,42.13,"Fair"
-2172173.8139984,1906456.38751194,18.2,"Poor"
-2306473.56099293,2262077.32784843,30.92,"Poor"
-2162654.64751799,2017231.25208924,59.28,"Good"
-2188403.69523815,2405188.36768836,53.1,"Good"
-2097820.30659308,2154414.70163073,60.9,"Good"
-2001705.38587006,1940175.74122323,76.47,"Good"
-2321156.91619508,2313989.51526081,34.17,"Poor"
-2216835.81596878,2352284.52640758,62.05,"Good"
-2166103.9056889,2411675.66019034,69.93,"Good"
-2102711.65010369,2120151.44487639,58.2,"Good"
-1971975.64676928,1851165.22365742,71.78,"Good"
-2275995.73775613,1990389.54195111,35.57,"Poor"
-2288690.88252095,2412292.67678221,68.82,"Good"
-2134881.05472018,2184479.21049789,77.63,"Good"
-2283186.46530026,2081274.52917117,58.53,"Good"
-2315158.73190746,2239895.89459258,51.1,"Good"
-2109134.68300428,2087208.66704156,75.82,"Good"
-1101566.97855406,1664849.951055,51.63,"Fair"
-1073401.64099907,1928508.23176571,72.33,"Good"
-775172.804079903,1919020.66504169,25.03,"Fair"
-993427.675749202,1908265.21627006,47.25,"Fair"
-659564.606959321,1788892.40938906,19.97,"Poor"
-765105.191324408,1849643.19877529,48.63,"Good"
-764933.269418586,1838042.94601134,21.67,"Poor"
-642822.455421292,1665058.76874696,48.53,"Good"
-766375.125343371,1911473.3312895,19.97,"Poor"
-775282.081006235,1946015.96980266,75.1,"Good"
-917830.026923754,2049069.30285674,51.8,"Good"
-755658.500752387,1853783.44695815,42.83,"Good"
-550252.321380202,1688467.75613226,9.98,"Poor"
-1078227.57049716,1958244.35092241,36.68,"Poor"
-991985.070711425,1785024.33444303,33.98,"Poor"
-1062732.41776304,1829235.10312897,39.72,"Poor"
-890487.334874692,1865328.35058993,33.67,"Poor"
-664414.019792818,1645113.53844468,17.27,"Poor"
-944322.852860841,1684684.27738332,69.57,"Good"
-768727.578150299,1941779.02211453,70.58,"Good"
-529198.336480742,2010082.44749715,33.33,"Fair"
-854379.409064687,1614267.35005154,67.63,"Good"
-1081720.93087082,2014102.92769652,61.05,"Good"
-856079.841342367,1828606.88309736,60.15,"Good"
-938906.279817424,1903065.19228739,44.98,"Fair"
-751454.145856738,1912288.70960338,21.57,"Fair"
-855368.331729029,1634987.0733182,40.18,"Poor"
-986434.176055276,1942167.06080704,45.97,"Fair"
-1044270.70082079,2006328.03564771,33.33,"Poor"
-781192.74612091,1857855.20101343,48.45,"Fair"
-976698.831703018,1826036.98543813,35.18,"Poor"
-787804.498312662,2001940.68715831,44.28,"Fair"
-641887.2118742,1667251.47809858,37.97,"Good"
-891441.813805059,1931762.01843225,18.78,"Poor"
-1029133.89530131,2012056.67976555,60.43,"Good"
-693232.10116696,1617898.33428739,50.55,"Good"
-877759.951926436,1603775.81814276,62.93,"Good"
-519599.741518845,1863206.09774281,18.88,"Poor"
-1065292.17875599,1700408.06461656,68.58,"Good"
-1070526.66728511,1936561.11360372,22.52,"Poor"
-776409.766144436,1873796.85891134,7.3,"Poor"
-908247.654075025,1733822.99401714,16.72,"Poor"
-900967.75402949,1780243.47078987,65.32,"Good"
-782567.898751415,2026264.68146974,67.12,"Good"
-771986.662809918,1652462.19680767,56.9,"Good"
-788280.622267087,1708082.16842866,28.57,"Poor"
-574786.566357191,1617201.44879022,16.67,"Poor"
-881345.212169935,1975568.03192455,16.62,"Poor"
-847168.490231186,1910371.82299494,56.4,"Good"
-835494.22123676,2000730.8120675,19.97,"Poor"
1930669.30808174,2347384.13970536,65.27,"Good"
1903639.98715462,2333670.49336117,35.62,"Poor"
1967862.34928676,2337511.95348786,78.43,"Good"
1922080.82974302,2297848.31609324,13.82,"Poor"
1903675.1322441,2304027.42357704,23.4,"Poor"
1912094.96521799,2314912.29530718,10.53,"Poor"
1844941.60690145,2290439.04662691,65.57,"Good"
1907319.25588222,2329200.64110477,6.35,"Poor"
1956887.01710803,2316308.05258389,71.83,"Good"
1880068.83543815,2325460.85051257,77.05,"Good"
1851711.34583069,2284422.60591174,17.85,"Poor"
1906257.93329395,2341347.80429174,70.52,"Good"
1966248.28256698,2324727.80006408,57.55,"Good"
1925936.15371057,2293556.35964109,6.15,"Poor"
1985769.97905961,2299703.21148814,52.3,"Fair"
1909198.90193846,2316024.00792276,5.55,"Poor"
1837121.56146683,2316068.5515625,64.23,"Good"
1905632.19653325,2330836.86707904,32.03,"Poor"
1722081.10859327,1999982.35548809,53.9,"Fair"
1754353.99524539,1913383.41714525,34.62,"Poor"
1717460.07477235,2038118.07932483,12.3,"Poor"
1737123.93538396,1942559.92095752,27.1,"Poor"
1718927.60340262,2053825.96384543,6.93,"Poor"
1743457.27032694,1919674.14576426,12.85,"Poor"
1779969.82613329,1909675.40423496,8.95,"Poor"
1719571.08459466,1982098.78787432,56.4,"Good"
1719677.71069254,2042060.70274263,28.82,"Poor"
1748212.48957924,1926444.09022635,44.77,"Fair"
1755436.23138168,1945729.7134911,11.77,"Poor"
1712360.19491318,2037315.16023111,36.57,"Fair"
1728858.30722078,2052769.07425712,29.38,"Poor"
1730870.9591796,1983731.08071221,25.95,"Poor"
1754808.18724687,1938295.91981149,37.9,"Poor"
1758938.97144473,1922177.14249447,28.4,"Poor"
1735293.01318717,1950447.29538195,31.33,"Poor"
1746113.14596151,1947993.09349259,21.53,"Poor"
1725292.2615807,1969087.56277478,37.78,"Poor"
1753750.40691109,1942361.87937793,13.27,"Poor"
1725165.30593302,1994201.24595572,42.87,"Fair"
832303.097071745,865118.495423822,18.18,"Poor"
1471818.06742854,598791.502882766,15.05,"Poor"
1269416.05722698,913358.999328899,52.8,"Fair"
1259487.48007444,823267.85516646,15.35,"Poor"
907903.475706563,908861.067097251,38.62,"Poor"
1337372.89126573,742995.858206456,29.7,"Poor"
833744.80240457,882134.330656601,33.25,"Poor"
970120.408351128,902115.710046408,60,"Good"
1026027.49358188,859968.555946959,10.63,"Poor"
1188256.51892476,867867.958929119,14.58,"Poor"
1452984.92290869,556134.214901282,37.03,"Poor"
965337.016273306,924831.518953799,40.03,"Poor"
1236151.02396512,864919.189869059,43.02,"Fair"
965327.597840436,885768.527662219,38.23,"Poor"
1356655.63920988,692797.099930917,19.9,"Poor"
830220.001500107,910704.561267038,46.08,"Fair"
983646.638850169,893947.169005351,12.75,"Poor"
1414127.36927608,854225.475359102,37.87,"Poor"
1024074.12880843,910948.890409722,15.93,"Poor"
1403184.85014732,613612.587903681,26.48,"Poor"
1354683.61654331,822706.252241813,25.93,"Poor"
1356465.60754627,667929.125520126,0,"Poor"
834387.538912726,913288.96938708,16.67,"Poor"
1321656.4389839,862574.118306006,0,"Poor"
856568.964644733,917729.588813073,16.67,"Poor"
1031700.96153735,1303964.85932703,33.55,"Fair"
1151084.38706358,1195533.65197412,13.32,"Poor"
1081755.48254499,1341731.60258448,35.43,"Fair"
1115820.81843317,1096496.57036155,70.02,"Good"
1310640.53931527,1207239.78360775,35.97,"Poor"
1235139.81087966,944501.870017421,47.12,"Fair"
1181116.31986255,1086253.2078012,59.82,"Good"
1047663.70556719,1286014.66543609,20.38,"Poor"
1191087.91802693,1072435.50448013,64.72,"Good"
1035523.61463398,957715.999191144,50.1,"Fair"
1130210.18106462,930911.18534111,36.07,"Poor"
1002726.5459788,1264618.70796006,0,"Poor"
1151706.75669032,1144300.74563939,68.92,"Good"
1339448.1869617,1150661.27145636,59.87,"Good"
1125227.37593897,1194838.62194735,21.55,"Poor"
1292146.93777964,1103537.06468572,41.95,"Fair"
1087269.05853665,941770.796865938,32.4,"Poor"
1213670.29741271,1164742.21111452,48.15,"Fair"
1091178.0504535,1206284.45464787,15.1,"Poor"
1282879.25863518,1048143.8043401,24.28,"Poor"
1050490.61904786,1312663.43517366,68.43,"Good"
1122367.55221293,1342658.67212904,56.33,"Good"
1190323.06316831,1345068.86275367,27.03,"Poor"
993754.2701439,1313098.42538959,42.22,"Fair"
1350833.81309531,1112588.80793849,32.57,"Poor"
1070214.20527084,1270970.88165586,33.33,"Fair"
1031246.62950205,1161321.93841407,19,"Poor"
1118031.65270468,1366359.55975279,46.73,"Good"
987421.786739358,1373363.400169,31.07,"Fair"
979359.074553344,1292135.73728072,10.02,"Poor"
1190694.80454238,1324503.77079708,6.6,"Poor"
1029974.86413604,1331722.35606884,11.93,"Poor"
350862.803917818,2228433.51318772,21.35,"Poor"
6612.780086488,2118671.38042069,31.77,"Fair"
66510.4662939679,1980098.45603771,9.85,"Poor"
74731.6963144804,2222345.95393394,34.15,"Fair"
368617.166638055,2069333.0843022,51.67,"Good"
331918.742452163,2196584.33008969,36.62,"Fair"
296421.451003058,2202457.07183848,37.98,"Fair"
311582.556168846,2152399.37934171,28.78,"Fair"
57658.8332326852,1962631.70608721,15.43,"Poor"
355270.955708291,2246385.38641712,19.62,"Poor"
267101.391142617,2139931.21240708,9.2,"Poor"
82919.4153200713,2157270.37640263,35.55,"Fair"
91091.748297807,1985105.61098594,51.9,"Good"
412709.483717819,2184612.78683003,31.83,"Fair"
-48927.9569471288,2199601.35780128,43.53,"Good"
361557.953671095,2007737.06428082,31.48,"Fair"
464636.878136399,2147365.2829478,26.15,"Fair"
33628.9233269924,1984922.77392411,10.8,"Poor"
91259.3610304801,2273616.67346752,57.25,"Good"
91465.3541784259,2042018.8877355,5.08,"Poor"
162718.244027401,2095872.97996191,43.7,"Good"
301204.958201099,2144397.74116133,39.17,"Fair"
10348.1001947041,2156144.10737897,27.28,"Fair"
390351.15588415,2244870.68521269,27.07,"Fair"
-17207.5442556877,2252703.16574623,74.5,"Good"
171934.847874835,2264740.09853547,20.58,"Poor"
413750.587453206,1995741.51170498,36.9,"Fair"
463129.467083033,2139284.74941789,61.58,"Good"
65523.3469189906,2212122.78135822,38.23,"Fair"
377862.45478456,2141795.2517732,1.05,"Poor"
363321.018334508,2209411.39270206,47.03,"Good"
132608.569929696,2065882.91933201,21.2,"Poor"
256706.805590299,2057533.00675069,43.07,"Good"
340989.076125911,2235501.97094209,35.4,"Fair"
7517.96269856547,2051342.28605028,16.98,"Poor"
177630.010463506,2025420.62592841,28.92,"Fair"
288330.596919455,2039809.50418748,67.75,"Good"
157701.492530509,2214651.78109183,2.08,"Poor"
340281.454114463,1976686.48508725,49.2,"Good"
383898.755024542,2189478.62290989,28.13,"Fair"
170264.804196167,1965859.88174768,52.78,"Good"
404632.926115686,2121683.7390301,53.48,"Good"
306632.775617974,2284416.54052824,47.88,"Good"
64372.3159933018,2041632.09436071,17.83,"Poor"
358020.187545231,2075144.1760573,39.23,"Fair"
-1607.16395970426,2160772.13489933,18.53,"Poor"
-1523047.31446092,2813405.05929672,71.73,"Good"
-1568710.52527659,2621006.28105001,44.32,"Fair"
-1319180.77136179,2326224.64006752,33.47,"Poor"
-1570214.02896214,2271053.80145337,77.47,"Good"
-1442907.24421052,2588784.83804304,57.27,"Good"
-1504877.82446479,2262525.59682692,53.08,"Fair"
-1551725.96550232,2646067.58142988,66.27,"Good"
-1430112.32829216,2308312.58451279,11.92,"Poor"
-1533887.40978671,2733505.65067998,84.28,"Good"
-1580251.68913792,2332277.12975269,65.1,"Good"
-1423470.1131623,2624221.47420148,50.47,"Good"
-1568408.31581188,2917960.07195031,0,"Poor"
-1602174.69377566,2501074.35462807,44.18,"Fair"
-1473104.87295462,2573888.29608681,54.33,"Good"
-1490636.23138442,2784473.72920381,38.58,"Fair"
-1486067.49331922,2273847.83725514,53.77,"Fair"
-1518559.53102566,2645189.00919189,49.02,"Fair"
-1580892.87962924,2545826.35837618,18.57,"Poor"
-1511029.31623262,2333724.46829958,12.82,"Poor"
-1390750.6096916,2591177.8419991,35.05,"Poor"
-1294362.92970047,2271109.36240575,57.58,"Good"
-1562234.89566617,2451475.2684344,63.42,"Good"
-1439310.84570706,2520125.65594919,68.58,"Good"
-1572603.65831825,2659693.59541179,54.93,"Good"
-1621543.12731277,2366975.97763023,63.32,"Good"
-1526943.24196922,2621564.46259702,55.33,"Good"
-1523842.37105969,2345063.9007635,29.58,"Poor"
-1412947.32945801,2625238.10247877,55,"Good"
-1397973.01975321,2559792.41670675,38.78,"Fair"
-1453491.67441896,2396584.68991579,37.33,"Poor"
-1546315.87729694,2517306.84941721,54.25,"Good"
-1529970.24989317,3033469.54480286,64.85,"Good"
-1531852.03254342,2700013.04449578,48.53,"Fair"
-1452695.30547639,2590784.07675552,74.13,"Good"
567167.435033155,1778165.10076153,21.92,"Poor"
465117.958382231,1864010.85993216,22.3,"Poor"
508534.970509731,1968017.73473642,38.7,"Fair"
393899.744494071,1938654.20152739,34.65,"Fair"
595830.31373764,1631006.13269109,14.58,"Poor"
622128.30288568,1881690.55841764,53.2,"Good"
694118.208359535,2032113.8369598,4.45,"Poor"
462357.564425199,1811452.13407949,26.22,"Fair"
585503.359347884,1842081.5066318,22.58,"Poor"
509430.759739842,2069875.62012981,62.1,"Good"
593402.402061532,1571809.22313968,38.12,"Poor"
389295.84371643,1949873.27364414,31.95,"Fair"
490246.337854286,1990043.64078437,74.55,"Good"
672452.793590961,2044630.45265541,75.15,"Good"
558718.160097443,1855674.23713551,39.83,"Fair"
596532.906533438,1821059.13070072,44.4,"Good"
536545.310069326,2118134.06681147,58.65,"Good"
677840.794174915,1842251.53642946,20.32,"Poor"
592861.292098659,1667529.12809738,43.85,"Good"
457664.432364059,1793798.18679522,8.75,"Poor"
639878.182400363,2161433.7844866,27.12,"Fair"
580366.542811141,1666400.61944327,44.17,"Good"
481021.697622648,1908472.29809546,57.6,"Good"
573538.646152107,1740805.74683999,41.23,"Good"
471370.467956907,2070934.46808832,62.43,"Good"
554537.527924236,1947963.87711259,14.15,"Poor"
456984.185380618,2159067.37117879,29.85,"Fair"
533654.681396095,1921970.50257946,51.52,"Good"
549631.356512015,2185737.01457293,46.22,"Good"
664776.299969853,1666743.46414582,9.1,"Poor"
436066.807938102,1852812.74852829,29.12,"Fair"
636211.02339721,1688334.18061772,0.95,"Poor"
660512.076231087,2108373.82605918,13.63,"Poor"
433232.331223771,1880199.92425114,4.87,"Poor"
802301.559982456,1976980.1346859,46.7,"Good"
850837.55392377,1866178.54390756,56.92,"Good"
940862.781453647,1950757.516688,33.4,"Fair"
848281.569767537,2055054.21409785,19.8,"Poor"
919893.024022354,2025572.82577542,9.13,"Poor"
756134.332084828,1858890.69445915,9.6,"Poor"
813617.31562777,1797007.24414515,34.18,"Fair"
831520.070947277,2120901.23740481,43.05,"Good"
867027.180747165,2031601.38912841,67.47,"Good"
909581.797494752,1846922.80557081,6.87,"Poor"
818726.178547848,2117368.0548828,37.78,"Good"
731900.536872318,1956060.45337253,60.68,"Good"
774856.125779315,2026407.85251927,66.07,"Good"
810829.4059358,1742215.79698289,26.57,"Poor"
782567.020741385,2055389.55145634,58.22,"Good"
758894.553355203,1777794.79415426,12.77,"Poor"
809525.960413073,1902850.1888565,53.18,"Good"
715755.830050149,2050756.43911481,63.38,"Good"
855506.271617529,2050815.75970959,41.5,"Good"
927936.461248153,2002156.70939256,40.85,"Good"
829821.448199578,2117650.38306303,43.68,"Good"
768780.284348236,1925059.69899382,9.98,"Poor"
937229.094886312,1897789.18075572,32.37,"Fair"
816668.860661826,2108974.70146021,22.47,"Poor"
720993.307887124,1915867.06050343,53.27,"Good"
765381.597295743,2003625.37902488,40.4,"Good"
788060.675012575,2057667.82318163,47.55,"Good"
909919.319415183,1954089.12469392,52.65,"Good"
-172453.424603642,1778405.26839553,39.6,"Good"
-256577.984433403,1599001.64329029,50.93,"Good"
49646.2496982696,1685270.75332225,17.3,"Poor"
-207177.91352748,1606789.2983361,15.68,"Poor"
82462.7495118487,1873061.62600878,47.38,"Good"
-127534.469838081,1644035.68246566,54.38,"Good"
-180431.391851768,1678930.47918359,42.23,"Good"
-216587.682071171,1825692.20820653,68.58,"Good"
92484.7672679295,1856832.06570939,41.8,"Good"
-37507.4348516663,1638994.34217819,77.17,"Good"
28081.5838317668,1595350.61730789,69.03,"Good"
-129939.189516951,1725985.20218222,39.92,"Good"
-367783.444757071,1756989.3918317,25.37,"Fair"
-27925.3494049406,1803260.6960041,68.02,"Good"
-429069.093651773,1768109.98678497,18.33,"Poor"
-182832.770818491,1877602.12436937,18.13,"Poor"
-104977.09139787,1831093.70086298,51.23,"Good"
99278.1124665966,1782270.50854137,18.02,"Poor"
-110166.609562212,1589496.24689629,15.35,"Poor"
-181302.418926765,1743261.8351477,28.38,"Fair"
-74669.4370435853,1645686.18145951,76.73,"Good"
-313403.057599979,1564146.66335933,32.83,"Fair"
28226.4825022697,1649607.68115952,28.67,"Fair"
-18535.9498040923,1705369.79481795,61.2,"Good"
-503307.09220598,1675298.48135,28.83,"Fair"
-288862.404078845,1667113.79312415,25.65,"Fair"
-273674.097619395,1860308.61969418,42.35,"Good"
-120605.266926552,1808080.85883695,37.18,"Good"
13672.7448102374,1776682.28204696,25.58,"Poor"
-169226.147048857,1648001.50123231,61.23,"Good"
-318725.734249726,1843298.0097082,16.82,"Poor"
16603.4568625217,1742019.15521659,63.42,"Good"
-177791.662259549,1739241.29566138,38.08,"Good"
-262683.150647154,1568359.8922894,35.38,"Fair"
74198.9019613281,1607511.26296249,42.45,"Good"
-39286.064397581,1720696.47317585,40.75,"Good"
43662.2990466586,1781118.99435739,20.92,"Poor"
-153576.315965173,1626397.93333289,33.7,"Fair"
-349245.363773406,1696261.09511939,21.8,"Fair"
-276898.472510144,1791529.80635823,57.35,"Good"
42110.0351573052,1728246.81822197,72.27,"Good"
-141721.887215082,1729885.630642,48.63,"Good"
-458760.626821372,1666762.60627459,25.43,"Fair"
91033.8626595682,1687270.23931119,62.7,"Good"
1135989.37667082,1759255.82488167,53.22,"Good"
828956.400814767,1600959.32811875,40.25,"Fair"
843758.224876989,1686752.49415176,16.93,"Poor"
969828.594697042,1796332.79579318,44.42,"Fair"
1095838.22873692,1739414.41135997,52.13,"Good"
756134.887918696,1568183.91207216,30.15,"Poor"
1167066.69822844,1725963.24547177,17.13,"Poor"
1104008.32164543,1613946.89404427,37.85,"Fair"
1083503.23180246,1696225.70444258,68.03,"Good"
1071190.93798872,1760434.31026177,27.85,"Poor"
902972.790155857,1560207.46037222,53.2,"Good"
1089714.57393539,1692136.50318077,32.43,"Fair"
912098.266045656,1633374.01630975,48.37,"Good"
794596.648456164,1610032.38202359,22.08,"Poor"
1155888.45250929,1741711.74274248,39.82,"Fair"
910765.424370923,1783090.84705483,46,"Good"
1030596.57718983,1640362.54124772,60.85,"Good"
848232.873231881,1581313.81056615,46.52,"Good"
1093396.48974496,1645537.69340918,38.73,"Fair"
1133460.19763977,1797226.80182205,17.45,"Poor"
895538.962584198,1685466.90180094,43.4,"Fair"
603417.180915722,1525249.70307617,3.6,"Poor"
900251.534868907,1591941.91823852,41.47,"Fair"
839824.820253021,1606052.6458147,38.48,"Fair"
1132525.95723653,1661150.9490675,30.15,"Poor"
1127489.15987107,1781074.78678611,11.65,"Poor"
1036229.49064909,1796438.21715015,38.67,"Fair"
768503.579781918,1614251.54608521,4.8,"Poor"
969222.825586858,1812481.2242061,13.3,"Poor"
707035.917736142,1657558.57385846,55.53,"Good"
579059.379841906,1518541.34485511,42.45,"Fair"
592759.344624084,1527801.4755904,63.7,"Good"
505632.043534754,889233.541564999,54.53,"Fair"
543128.824251847,859874.388353796,65.95,"Good"
303200.654150343,902508.210598527,62.6,"Good"
462783.484546381,836889.350007226,16.95,"Poor"
364389.881806727,1108005.04861548,18.67,"Poor"
291967.112139101,954929.232415793,12.67,"Poor"
376344.230691615,1087270.19117026,52.88,"Fair"
396543.273193399,950548.897884557,23.27,"Poor"
242951.414798686,1002460.76825627,28.38,"Poor"
207235.290819127,1055293.77549284,0,"Poor"
512804.391031173,772331.317746445,31.4,"Poor"
453058.76526101,1076160.89151565,16.67,"Poor"
325876.719632452,927988.505255574,10.42,"Poor"
346750.739606854,1077991.64468374,20.9,"Poor"
417052.516173699,972892.670202939,35.67,"Poor"
397504.249727596,933123.403560121,9.15,"Poor"
439463.369460651,767940.638693506,4.22,"Poor"
420478.886728182,862979.525635311,19.3,"Poor"
277310.734590163,975436.210035929,35.7,"Poor"
494745.452362493,819264.620799974,23.03,"Poor"
410109.843729012,891720.816072624,21.15,"Poor"
477017.719983945,1039865.35276696,4.35,"Poor"
331613.103239049,923682.955023851,30.12,"Poor"
377433.370549161,912253.047509397,26.03,"Poor"
250169.652564027,1058178.97867906,43.03,"Fair"
476442.365723366,805006.800310001,14.68,"Poor"
442754.586180441,862621.46034564,6.1,"Poor"
374680.113203683,766410.363085199,13.57,"Poor"
265480.297222699,924871.93251302,64.32,"Good"
525656.890663759,789683.62339678,4.68,"Poor"
453954.264448406,836845.09497442,14.68,"Poor"
578057.158291739,780952.032562906,6,"Poor"
394389.457459952,844650.857165056,28.83,"Poor"
369473.788507144,1058381.60765859,8.98,"Poor"
429937.422554757,950798.519053062,2.08,"Poor"
418686.649482295,1056833.62992805,20.18,"Poor"
367580.912523829,1063598.1974888,15.13,"Poor"
434488.123262512,961158.47533266,2.35,"Poor"
401210.590720818,933739.839484109,22.82,"Poor"
414767.716663969,889668.309790144,0,"Poor"
197283.304519882,1035642.84931438,16.18,"Poor"
418828.982243442,900146.910873233,16.67,"Poor"
467975.391965894,1049762.79810299,16.13,"Poor"
516626.978765528,788475.282871047,14.08,"Poor"
588017.224408354,774173.177534781,8.18,"Poor"
499085.449015583,780866.787606136,14.08,"Poor"
425502.777727803,938487.9835979,16.67,"Poor"
419593.263085235,988166.199877307,26.57,"Poor"
430370.3167675,888243.787984951,54.08,"Fair"
480845.979106151,799032.211341478,14.68,"Poor"
311057.670210195,925108.80987846,23.55,"Poor"
448476.054656467,844275.007567509,11.7,"Poor"
580022.477161441,769790.101187442,7.95,"Poor"
533543.852811887,784684.71670394,14.68,"Poor"
585406.153730306,779322.851694047,0,"Poor"
468455.035246563,811047.430898181,0,"Poor"
426903.852387451,872360.360537275,6.43,"Poor"
2006764.91609894,2383327.37715956,33.7,"Poor"
2040503.03526406,2377466.15053803,6.37,"Poor"
1995497.68340855,2450922.64028972,22.78,"Poor"
1925634.89630575,2424674.64818138,51.02,"Fair"
1892279.68846159,2410045.85312873,14.22,"Poor"
2029175.74379995,2364354.29211269,8.73,"Poor"
2009277.26750551,2467709.91885636,6.82,"Poor"
1870617.19114795,2390504.04107085,72.07,"Good"
1845081.75241176,2342126.51120541,10.57,"Poor"
1903164.49235519,2364414.84759697,32.98,"Poor"
1897444.5713957,2426426.98866489,33,"Poor"
1855769.78534497,2383309.71512507,47.2,"Fair"
1900826.93237877,2369037.97440205,37.88,"Poor"
2039527.9240986,2376712.28794668,11.95,"Poor"
2001826.87643191,2453732.48292571,38.48,"Poor"
1893751.74922459,2406476.87128054,21.87,"Poor"
1891498.4767362,2412563.75005074,29.45,"Poor"
2003410.99506392,2460547.116766,15.7,"Poor"
2031568.03656555,2391996.36304876,15.78,"Poor"
1657510.27334466,1881133.40204793,41.87,"Fair"
1624816.83119066,1918765.98313018,34.82,"Poor"
1479979.06656856,1983601.82589378,6.72,"Poor"
1589884.26122643,2005524.08395415,10.12,"Poor"
1730063.24630664,1924901.92735539,9.38,"Poor"
1431935.80487452,1969566.02097627,53.58,"Good"
1585175.4884703,1938059.74869754,32.05,"Fair"
1532228.33684782,1988475.85324445,65.02,"Good"
1616799.70479534,1925823.61147754,64,"Good"
1466254.7305375,1984551.93267561,21.43,"Poor"
1572809.50758563,1948584.75125694,43.8,"Fair"
1609844.98749412,2014322.56780954,49.27,"Good"
1616622.02470905,1896949.37543273,32.15,"Poor"
1486166.08528937,1982649.29659143,59.22,"Good"
1534823.72397864,1994831.85071554,58.77,"Good"
1613696.98382476,1892254.28006362,30.58,"Poor"
1577717.284586,1965776.33356449,33.42,"Fair"
1542466.13505609,1974336.47397018,23.18,"Poor"
1638378.47672713,1977083.2815621,16.12,"Poor"
1735792.8538619,1910142.51141533,6.4,"Poor"
1448829.38964857,1962001.7195643,34.23,"Fair"
1574477.10731882,1949477.62696478,38.98,"Fair"
1581087.14424953,1997372.75437504,49.38,"Good"
1648530.93968015,1899842.74713032,64.07,"Good"
1459164.94883839,1977798.64470518,28.13,"Poor"
1588741.6888928,1966732.78231895,26.15,"Poor"
1628334.30706452,1883301.32341916,52.12,"Fair"
2004856.46950457,2828373.80737403,51.62,"Fair"
2036867.12239562,2978811.01238711,0,"Poor"
2025670.7900889,2544629.98550935,45.43,"Fair"
1995923.61653424,2704310.93084626,71.95,"Good"
2099045.85797081,2741543.38956994,25.52,"Poor"
2154772.56279141,2865397.73587914,59.95,"Good"
1993683.95226744,2795863.53994678,74.15,"Good"
2020457.48680093,2889374.39249093,50.75,"Fair"
2135216.59626489,2946765.21687878,53.98,"Fair"
2030854.98887838,2970282.22166793,90.32,"Good"
2055989.75461082,2731779.87508378,86.22,"Good"
2111788.71990856,2996805.16528789,9.02,"Poor"
2034654.70946262,2976362.15920892,75.1,"Good"
2098507.06492777,2847795.78401748,54.4,"Fair"
2215563.86540159,2750624.29283777,29.57,"Poor"
2031076.84535859,2552940.12930017,41.52,"Fair"
2008339.20421217,2948137.84309678,53.77,"Fair"
2093344.77615738,2774301.06252014,56.35,"Good"
2061782.54377555,2668376.48637613,32.78,"Poor"
2061609.7481678,2677540.89628448,17.83,"Poor"
2044295.65038753,2614988.58897812,41.98,"Fair"
887417.171961183,2210663.36139607,30.55,"Fair"
802071.717960865,2351082.88612925,37.63,"Good"
701642.242217928,2625286.63699648,70.47,"Good"
490129.807636718,2663354.54894148,13.47,"Poor"
1031671.56248421,2315492.04931274,29.35,"Fair"
760213.012161821,2650769.14367475,29.18,"Fair"
794944.74836753,2392049.70992318,37.67,"Good"
963409.528368324,2420293.2754103,28.97,"Fair"
800344.359020501,2189119.79239417,28.15,"Fair"
793951.823151374,2322780.82525773,18.78,"Poor"
507634.650295923,2633538.43641364,38.12,"Good"
668664.908125457,2553702.70556768,47.7,"Good"
928550.217765068,2230391.19922994,23,"Fair"
841432.50604703,2275105.6157536,53.68,"Good"
1058888.19714451,2245663.59327946,1.23,"Poor"
849875.225468217,2205433.75174195,38.02,"Good"
785784.614266174,2157390.61928459,33.3,"Fair"
995749.435530985,2325765.30849352,79.83,"Good"
796354.871629433,2368408.91415958,56.68,"Good"
807208.874909847,2267604.81223839,29.83,"Fair"
968693.548730883,2318837.16117295,39.73,"Fair"
935335.895655971,2427548.27906317,42.43,"Good"
897223.96893371,2255219.13598748,64.45,"Good"
544623.911125831,2609497.72482187,9.43,"Poor"
855906.913242831,2567998.49232686,27.52,"Fair"
926067.456435878,2226958.55319591,52.02,"Good"
939928.287093409,2465429.23566911,44.37,"Good"
797887.054304857,2242717.69659064,12.2,"Poor"
1088956.92821612,2300521.32539696,39.85,"Fair"
890042.063760155,2168968.91222134,30.93,"Fair"
669442.186000175,2508398.96578456,27.87,"Fair"
873698.027904869,2388054.12045204,32.45,"Fair"
805120.886234778,2301592.68989974,33.33,"Fair"
677425.834649327,2594489.24936593,40.25,"Good"
900403.939846831,2280447.79784945,34.93,"Fair"
951058.120985939,2405378.25175065,52.8,"Good"
821025.112058766,2313825.08763864,64.33,"Good"
570842.512785789,2677321.38349049,43.05,"Good"
835389.132185503,2666283.01973354,35.57,"Fair"
980980.311783296,2519603.05241866,47.05,"Good"
1093125.95206099,2294123.07198805,11.22,"Poor"
1032660.74111766,2240967.27529382,19.58,"Poor"
835939.071241935,2225090.78426061,11.53,"Poor"
523178.211106045,2680460.09022075,10.95,"Poor"
843797.100790919,2344931.69690583,44.32,"Good"
875779.59963116,2266128.75236483,25.53,"Fair"
555908.855734845,2665366.8853278,29.6,"Fair"
1058774.1030544,2365604.12497762,14.75,"Poor"
600584.992708084,2655388.60973736,21.32,"Poor"
781736.006536616,2618677.96240982,26.2,"Fair"
244437.286984722,2394311.80515643,22.03,"Poor"
181344.136401396,2566273.41384454,15.85,"Poor"
285641.438497784,2714451.44112438,7.58,"Poor"
-65991.6758844981,2798264.14807658,26.75,"Fair"
238179.834598965,2496473.34817093,10,"Poor"
377371.051743196,2754842.20216038,41.25,"Good"
110439.423605216,2772536.39519457,34.02,"Fair"
261744.618934639,2602723.86400669,67.83,"Good"
170098.381072852,2833648.99124686,43.98,"Good"
76534.5833959682,2303403.77317222,41.68,"Good"
157478.335435579,2461265.81801147,18.82,"Poor"
190318.840501381,2481221.91302643,47.68,"Good"
157107.250555248,2309706.34348044,23.23,"Poor"
243627.63851034,2670341.58244676,45.48,"Good"
121273.77168273,2767426.61584953,44.9,"Good"
194807.282313416,2425939.47176443,10.13,"Poor"
250181.916881012,2512778.59073069,42.92,"Good"
123867.950327708,2856671.54170102,29.57,"Fair"
159177.551538877,2430856.94202365,51.02,"Good"
134290.523722681,2468334.29115293,38.95,"Good"
235951.945258847,2427904.25699412,5.1,"Poor"
155213.784592234,2325496.54025761,58.9,"Good"
168586.978112659,2699863.40310326,23.12,"Fair"
292340.711138959,2344580.12938093,22.92,"Fair"
152953.90751733,2595517.83770939,58.23,"Good"
272756.47364821,2667073.15424246,50.32,"Good"
-15474.6991127576,2695922.37328182,85.33,"Good"
17529.4237454263,2439397.1361471,45.25,"Good"
203821.118704327,2509396.83368508,6.98,"Poor"
163838.792510787,2374015.01538016,23.78,"Fair"
337218.622929295,2759060.46491042,57.3,"Good"
254660.113252189,2468060.13236715,23.17,"Fair"
217321.026634428,2446350.14456758,50,"Good"
374298.462100438,2331151.0470131,35.23,"Fair"
280087.14594639,2366101.50048133,40.75,"Good"
136407.401245406,2595086.37371292,28.57,"Fair"
75454.2045867611,2850765.49027839,33.57,"Fair"
77277.0171477756,2396253.11033427,50.53,"Good"
156339.095653209,2393637.91444215,23.08,"Fair"
189134.589428504,2382085.18199712,11.48,"Poor"
207388.950158018,2822892.14164177,50.15,"Good"
164125.468078378,2832105.15732572,42.43,"Good"
240477.030280077,2361238.44754065,35.87,"Fair"
46647.5019592285,2756035.94077934,44.55,"Good"
394406.098282109,1800946.23266468,40.2,"Fair"
433209.980859552,1649305.54257302,36.73,"Fair"
79528.5178711918,1878827.3862799,38.27,"Fair"
198525.770485181,1652821.83773869,59,"Good"
206135.055476836,1719247.51046852,41.38,"Good"
273498.113673947,1904697.98078596,26.22,"Fair"
479113.363770852,1784885.07754909,26.28,"Fair"
363607.461599363,1892743.20172874,25.8,"Poor"
471868.159865581,1567145.692432,38.68,"Fair"
174931.361771081,1859097.1973743,22.07,"Poor"
363662.879384663,1697768.22250169,57.22,"Good"
451942.489854516,1807206.85452063,28.37,"Fair"
202057.757152584,1529070.88027574,44.65,"Fair"
318044.439812267,1617237.47333167,44.18,"Fair"
475023.657128228,1663377.84077241,38.68,"Fair"
262781.883951523,1744094.43971545,47.55,"Good"
465177.265912111,1709936.28807443,15,"Poor"
198861.377012919,1780504.37092288,17.57,"Poor"
267450.886148244,1901970.07825385,30.62,"Fair"
479914.053237058,1769859.19990536,9.07,"Poor"
348806.393009215,1807039.9981991,16.03,"Poor"
426125.025668386,1576375.85473828,51.13,"Good"
317598.247736397,1727855.81753105,66.73,"Good"
131218.033114472,1570501.31457696,10.02,"Poor"
403712.09814993,1670861.8706699,37.83,"Fair"
296418.713391645,1803722.42833123,15.87,"Poor"
141233.656166128,1787061.27413863,17.75,"Poor"
446728.152330969,1740112.33989103,15.18,"Poor"
582242.733782686,1577271.22792099,17.93,"Poor"
221434.483907321,1807863.77903053,20.68,"Poor"
241496.044685106,1602407.11944937,30.7,"Poor"
374383.693175717,1800774.64105923,2.75,"Poor"
95112.9375892963,1853604.68374644,33.12,"Fair"
381354.382682348,1833365.95646845,43.17,"Good"
156552.711649769,1856162.22355541,1.42,"Poor"
211052.355682004,1639506.99073244,28.57,"Poor"
562840.38665811,1459862.22861291,51.3,"Fair"
585137.833833555,1521988.69545969,57.03,"Good"
569118.380662196,1476901.05023457,41.07,"Fair"
607091.480669027,1562848.32781469,59.98,"Good"
488028.866210382,932755.133021926,72.78,"Good"
605412.09834171,874801.941968713,74.23,"Good"
417067.376458466,919428.500606691,20.98,"Poor"
528168.996124363,1079652.6279529,9.8,"Poor"
685300.000473539,1242151.42401559,50.07,"Fair"
676011.312772477,912433.260798547,6.58,"Poor"
472092.30094439,892819.813865088,47.4,"Fair"
692831.523726193,1108867.57379928,38.1,"Poor"
456984.121466881,1001566.0032892,32.15,"Poor"
684906.984894383,1232264.7657052,26.05,"Poor"
639515.103435268,1069615.20414864,54.63,"Fair"
485380.545710615,1270033.36911114,14.68,"Poor"
598849.54321304,922291.354249283,59.98,"Good"
530956.53454398,1041946.79299436,21.4,"Poor"
688379.64663728,893685.3271236,30.48,"Poor"
540311.165083384,931905.097279033,45.3,"Fair"
558959.890007581,1138805.37353354,62.5,"Good"
552187.021868519,1003471.14697844,57.47,"Good"
474402.793937726,1014068.31429005,14.02,"Poor"
672769.876476061,1035186.7252039,16.3,"Poor"
595554.03984425,988920.015462479,56.78,"Good"
573880.037842101,1075290.35478593,36.47,"Poor"
638740.581989015,913766.802500068,57.37,"Good"
710248.291942029,841968.730008509,24.35,"Poor"
502566.972380019,962941.533132514,42.53,"Fair"
520906.341602757,1096400.09131352,42.88,"Fair"
630998.262595853,965929.555958123,50.15,"Fair"
703637.600003058,870616.365910348,16.67,"Poor"
428314.408954239,931199.728221095,0,"Poor"
452783.299432662,1201672.80685039,16.67,"Poor"
593160.477073773,943341.820860144,57.92,"Good"
549721.136560981,972352.396349021,8.63,"Poor"
450246.107179452,1163097.83096463,0,"Poor"
594926.299564913,901759.596148776,35.93,"Poor"
588823.736736863,863928.260845463,28.13,"Poor"
492627.66859659,1296769.79520907,33.33,"Poor"
502430.709981888,1315788.50807894,30.28,"Poor"
448120.562079049,1184000.71136603,58.47,"Good"
468448.035654819,1248345.33063571,21.95,"Poor"
517912.038851827,1329768.03295296,33.33,"Poor"
453156.96968896,1211894.01268471,28.85,"Poor"
449533.183456471,1126902.77331745,29.72,"Poor"
-1132728.66058167,2748842.43416673,53.93,"Good"
-1021432.30002753,2531663.65677981,80.9,"Good"
-1111446.24059141,2809094.17378513,87.25,"Good"
-1350310.16139334,2671105.60166846,59,"Good"
-836966.672697079,2928388.64300853,45.73,"Fair"
-1415804.79639083,2771551.01439436,49.33,"Fair"
-1060405.21014499,2661652.11385891,51.98,"Fair"
-1250042.67592714,2799890.93971884,45.38,"Fair"
-712499.030681522,2838552.21074821,42.98,"Fair"
-961121.746542814,2610033.24277531,27.77,"Poor"
-1184704.87216706,2774158.80380239,70.6,"Good"
-1453981.9886038,2838194.74689217,77.28,"Good"
-1330229.26796992,2942639.20024786,60,"Good"
-1010160.97306553,2880061.15837664,58.05,"Good"
-1493822.52955016,2936504.45374861,60.72,"Good"
-1423409.77311995,2816059.86635206,65.73,"Good"
-1088275.45474751,2619410.12935862,69.15,"Good"
-1346099.7794412,2914700.50459232,12.83,"Poor"
-629834.468012603,2814434.10870852,71.37,"Good"
-917892.364552145,2677498.53500217,81.68,"Good"
-1121401.45160903,2661374.3485622,95.88,"Good"
-1171529.43472568,2809253.70151504,70.7,"Good"
-755846.836267834,2635818.79582222,72.72,"Good"
-864830.879406286,2869063.66009807,28.1,"Poor"
-1331711.95048441,2562485.0979283,26.92,"Poor"
-1253861.84644969,2952659.86358625,17.35,"Poor"
-1404318.21799065,2899083.40848581,67.3,"Good"
-1102942.24704172,2691188.97554751,81.72,"Good"
-687657.40023159,2685631.04130221,76.83,"Good"
-1338636.41060286,2894414.26353013,32.23,"Poor"
-1156081.59493118,2810900.091835,39.2,"Poor"
-919115.042982499,2550999.9176314,49.83,"Fair"
-926746.240132159,2728768.70401553,43.68,"Fair"
-1036780.91699247,2904689.3729445,34.1,"Poor"
-807695.805633513,2613587.52707411,69.03,"Good"
-1035500.41959585,2584782.74987666,80,"Good"
-1252319.54597291,2611225.52920343,69.93,"Good"
-1267442.65684336,3002221.48264549,66.08,"Good"
-701264.416918021,2893362.51796384,41.73,"Poor"
-1301363.29867069,2690546.78333526,50.52,"Good"
-1168744.05877852,2715875.060481,49.78,"Fair"
-803289.014266137,2927920.00171316,49.48,"Fair"
-1256118.3384505,2846386.2134774,87.43,"Good"
-1204818.49835232,2896408.89940776,33,"Poor"
-909543.800624139,2505036.03226543,95.48,"Good"
-864898.050824362,2847022.63141467,26.35,"Poor"
-1203828.92407067,2645616.326868,64.28,"Good"
-998954.169730816,2825162.55618867,67.38,"Good"
-1028340.78650199,2555763.68612717,68.98,"Good"
-1167724.41227044,2775133.10181343,74.47,"Good"
-723869.231783914,2486594.61648308,35.73,"Poor"
-1188685.79159614,2506229.79269772,34.2,"Poor"
-995824.040623181,2908970.95380999,57.98,"Good"
-1239957.28223041,2855314.54348125,86.8,"Good"
-1077329.56512515,2754125.64254306,39.92,"Poor"
-962599.359936843,2707757.32054731,64.57,"Good"
-1138607.20160428,2644588.99674007,74.22,"Good"
-1056615.51547434,2555287.48642507,77.17,"Good"
-1122934.6545455,2679702.01850037,88.48,"Good"
-1013359.88343756,2870425.35807346,53.63,"Fair"
-917654.848232431,2502364.96281013,29.52,"Poor"
1287591.32513872,1549617.05598512,53.02,"Good"
1240631.91852186,1541097.00196768,51.13,"Good"
1182284.58237645,1485525.86816653,40.97,"Fair"
1110188.38015215,1401525.23974289,62,"Good"
1633229.27451644,1527215.62321844,7.33,"Poor"
1393249.69472545,1539776.65028878,23.67,"Poor"
1274746.31085822,1494641.5206501,35.82,"Fair"
1379908.42109974,1456474.20182452,3.95,"Poor"
1399083.28821225,1446289.41450398,22.33,"Poor"
1617989.02632376,1649300.57516587,0,"Poor"
1542263.60392437,1511698.29969304,64.83,"Good"
1631664.86786552,1435405.19171897,13.13,"Poor"
1334241.99434266,1568604.17757827,41.37,"Fair"
1471439.39524044,1627583.44424502,40.45,"Fair"
1080267.94711161,1401731.95460605,30.4,"Poor"
1638644.46910583,1536534.88254992,49.3,"Fair"
1385889.26755123,1552336.78871311,17.38,"Poor"
1705718.34637696,1629018.3594943,40.88,"Fair"
1550113.02558921,1458903.31752541,12.52,"Poor"
1369636.54744867,1481551.11034672,17.53,"Poor"
1543997.89619686,1486529.43870743,27.23,"Poor"
1606707.58511752,1423511.20416803,39.62,"Poor"
1307359.65570877,1480593.61375924,47.55,"Good"
1549216.93858982,1574392.33466593,18.48,"Poor"
1122404.67152085,1439988.64809538,39.5,"Fair"
1640679.15397133,1592534.52913675,46.73,"Fair"
1698695.7402811,1532752.4603252,23.38,"Poor"
1514155.18012376,1528707.30004283,9.15,"Poor"
1680589.05917005,1660635.50573611,23.33,"Poor"
1292153.45266132,1599927.31004061,49.3,"Good"
1591790.14364013,1552506.90884113,7.85,"Poor"
1384713.45042457,1456333.6058454,1.97,"Poor"
1555678.65877336,1415756.37001198,19.53,"Poor"
1241177.10219458,1516232.67438053,54.5,"Good"
1392929.62217177,1550970.93145561,9.83,"Poor"
1190444.05394741,1504244.83249138,36.05,"Fair"
1358339.72801294,1493778.44420309,7.85,"Poor"
1525391.86363144,1570674.4909165,13.53,"Poor"
1581234.25448781,1612776.93408792,44.9,"Fair"
1459637.87364579,1559648.32972369,10.28,"Poor"
1467825.94216803,1566130.43412936,25.17,"Poor"
1679052.66159853,1560275.44283866,40.27,"Poor"
-375620.42208002,2609709.84166591,55.63,"Fair"
-581319.411117014,2640591.48706007,34.2,"Poor"
-369748.904711045,2794725.52904635,24.75,"Poor"
-66510.3676518719,2718833.84288296,46.52,"Good"
-440542.11186974,2635490.08662006,79.02,"Good"
-576858.87283089,2680557.8790338,43.42,"Fair"
-153896.070956635,2881233.14645399,36.73,"Fair"
-470655.502883946,2716719.09216986,31.88,"Poor"
-117275.631878763,2799698.96868264,48.02,"Good"
-435281.567710406,2573155.87191485,29.03,"Poor"
-480274.206002386,2625653.95067347,33.57,"Poor"
-525977.200806866,2685678.54968832,50.97,"Fair"
-151891.923128341,2863719.75704746,42.37,"Good"
-441800.003286942,2709496.31114417,68.32,"Good"
-508951.109730784,2727573.87623889,24.57,"Poor"
-107252.604773524,2570547.49360307,31.68,"Fair"
-475057.219898857,2697614.3320709,29.77,"Poor"
-460222.115150715,2700064.03147591,45.02,"Fair"
-127552.326710234,2798678.42736994,71.23,"Good"
-425192.197918591,2593749.49787917,51.3,"Fair"
-578494.553208338,2626098.32625184,39.82,"Poor"
-101512.995887447,2723936.27207794,24.78,"Poor"
-391203.801874375,2656034.39723624,57.85,"Good"
-588341.751661359,2800051.24880645,36.47,"Poor"
-91508.3068553494,2641927.0105905,24.75,"Poor"
-341669.56428924,2624142.40153587,34.87,"Poor"
-389573.962569524,2683296.94561339,43.67,"Fair"
-552173.622254297,2572925.07154589,39.12,"Poor"
-107588.364471911,2827333.08346793,38.07,"Fair"
-470560.206825138,2577959.79326639,41.2,"Poor"
-410231.330292509,2717852.6453122,46.62,"Fair"
-88174.94886111,2791904.9550402,4.17,"Poor"
-396229.720953499,2653656.08138967,75,"Good"
-577580.170980886,2733138.76524073,26.68,"Poor"
-613742.628569368,2583448.4836881,71.4,"Good"
-168185.737680589,2556435.33340901,16.53,"Poor"
-363632.805088955,2648731.95532548,19.2,"Poor"
-486574.290947929,2656732.7559841,51.23,"Fair"
-393748.453983216,2709422.95098347,38.88,"Poor"
-448481.126225344,2606526.2857144,54.93,"Fair"
-531785.084626428,2761323.53129038,34.67,"Poor"
-427176.291072864,2711769.72425309,64.98,"Good"
-64251.1558283106,2695653.25401291,12.1,"Poor"
-420424.936748512,2651191.94622747,33.55,"Poor"
-576208.285491966,2682355.96887116,53.27,"Fair"
-599704.389455523,2640163.78980841,47.08,"Fair"
-388231.455525684,2597851.30263459,58.92,"Good"
-600171.049254285,2785834.9483075,61.17,"Good"
-73151.7922052682,2635708.07542873,32.37,"Fair"
-506073.693493754,2703966.22487294,44.6,"Fair"
-506679.791443745,2836701.42230313,27.12,"Poor"
-78810.5860214047,2704033.88807288,35.07,"Fair"
-435154.044484782,2633006.74085542,60.77,"Good"
-557369.234436547,2574310.94454593,42.18,"Poor"
-60299.3505910532,2649169.31074415,0.95,"Poor"
-442362.937028155,2691895.7421889,24.02,"Poor"
-466199.09497009,2713397.42231206,57.83,"Good"
-433102.660149004,2704230.42490172,23.98,"Poor"
-564670.112948843,2580084.08991128,3.4,"Poor"
-475051.875849824,2620037.72477097,27.03,"Poor"
-373591.434463097,2712169.92610855,50.55,"Fair"
-628458.074922125,2206004.54955176,37.53,"Good"
-265485.568233537,1958255.74986876,14.25,"Poor"
-49315.2456961433,2020118.96931545,22.08,"Poor"
-147056.05259762,1968539.33125028,16.67,"Poor"
-433827.903458026,2027037.83730749,47.6,"Good"
-370425.804151227,2209551.84554211,43.03,"Fair"
-571562.531756268,2182188.67346328,38.18,"Good"
-312024.030844292,1920549.64864701,79.22,"Good"
-203968.922600079,1979171.96645695,51.25,"Good"
-45666.7340522991,2016146.77848576,31.72,"Fair"
-632172.182560558,2052728.66999345,16.45,"Poor"
-175464.617566799,2192484.59344505,66.75,"Good"
-424226.149042073,2133338.30951674,33.6,"Fair"
-179370.512761598,1929033.35767713,29.52,"Fair"
-279720.109930998,2221972.68373055,44.83,"Fair"
-173274.867870947,2047429.72391105,19.9,"Poor"
-628776.704615671,2184886.31870047,9.6,"Poor"
-383593.217824126,1966220.23026621,33.23,"Fair"
-97123.8991271103,1965053.1382897,16.67,"Poor"
-363444.605998519,1921573.1954792,12.58,"Poor"
-228658.172837044,1978122.56494146,15.03,"Poor"
-28987.8444947025,2055376.49933399,17.47,"Poor"
-152711.45644527,2178351.58596755,41.4,"Good"
-11916.1074400551,2104134.40678682,45.43,"Good"
-555669.815766828,2079180.08965154,66.45,"Good"
-364121.3340821,2219920.90571369,63.43,"Good"
-172402.469870904,2003592.55492448,27.3,"Fair"
-254466.239533036,1964532.85637631,42.57,"Good"
-95992.4904130531,2044307.3123058,34.15,"Fair"
-490674.813164093,2206479.59079777,40.7,"Good"
-244293.694382498,1963913.82219063,12.43,"Poor"
-258161.969056826,2013798.55622443,17.65,"Poor"
-138569.737986882,2075560.76799236,16.67,"Poor"
-129492.960393854,1915328.91748184,5.58,"Poor"
-147749.917927831,2046243.87301544,44.87,"Good"
-328916.340024516,2207042.02844373,37.3,"Poor"
-104222.132222337,2009765.79500359,20.15,"Poor"
-50657.9436466551,1988207.41486724,19.15,"Poor"
-104915.321428107,1895738.74029539,47.45,"Good"
-228694.307490872,2219002.03038685,41.3,"Poor"
-76.2168279220283,1996332.9712379,7.03,"Poor"
-102067.698418741,2010030.22148975,18.63,"Poor"
-445475.599637603,1919180.12805591,15.45,"Poor"
-142010.804479895,1946780.7367647,9.1,"Poor"
-473009.418563383,1949368.76474653,37.37,"Good"
-426784.945014682,2210781.53765031,34.23,"Fair"
1928355.09937394,2457611.82892424,63.78,"Good"
1907567.04134462,2542778.50186361,68.88,"Good"
1994467.13941947,2524194.2003533,64.08,"Good"
1887160.19529158,2600504.43433971,30.07,"Poor"
1888419.25125235,2465507.37200012,3.58,"Poor"
1887565.56309322,2557175.84435954,8.75,"Poor"
1957429.9653122,2497756.56993012,8.13,"Poor"
1884986.18380501,2497251.70430827,17.35,"Poor"
1940758.87573917,2521022.26774399,14.68,"Poor"
1886188.62512343,2439739.17809475,2.73,"Poor"
1882691.8747033,2505782.75913435,76.2,"Good"
1947907.05761812,2502512.66601426,28.62,"Poor"
1909251.33377194,2678798.94217393,36.88,"Poor"
1965067.0210536,2572027.04914132,24.97,"Poor"
1985190.35297479,2499572.60546194,42.03,"Fair"
1946645.02100476,2633393.22101978,72.08,"Good"
1806626.13887795,2112240.80721343,37.85,"Poor"
1739351.55135214,2170857.17237035,19.23,"Poor"
1814492.19130751,2214218.16827628,21.1,"Poor"
1744367.50122194,2224495.54632778,60.27,"Good"
1793889.35672727,2148105.47565297,21.15,"Poor"
1806465.08048874,2197429.75728511,5.8,"Poor"
1743675.79503983,2221779.43665354,33.68,"Fair"
1759426.00670134,2120494.97418902,42.2,"Fair"
1814191.63575587,2193532.70164578,11.78,"Poor"
1745987.82609446,2130509.82682763,48.08,"Good"
1748151.94537768,2206760.56833537,16.05,"Poor"
1770823.69758701,2142492.0619166,49.08,"Good"
1804928.25260584,2218110.15496196,11.25,"Poor"
1790299.54559901,2160579.73566407,8.73,"Poor"
1789749.32677313,2193572.47230286,0,"Poor"
-945837.629361545,1488325.1615977,48.57,"Fair"
-928850.423883262,1557050.30961616,27.97,"Poor"
-819157.294771328,1527387.13774292,36.95,"Fair"
-770428.647710902,1450252.14951009,37.18,"Good"
-973463.28997092,1353927.73439536,44.5,"Fair"
-866586.347234179,1137539.14270549,31.07,"Poor"
-866659.62703475,1495538.03255856,53.62,"Good"
-765099.574325535,1403258.8813853,26.57,"Fair"
-1118759.15466581,1208337.37512608,31.4,"Poor"
-1077801.59068114,1587374.20020342,51.67,"Fair"
-761392.108641331,1248848.46483702,20.62,"Poor"
-960615.475505477,1399524.641195,59.15,"Good"
-802858.759165109,1391695.31154312,62,"Good"
-1002285.76766655,1064051.36897319,54.37,"Fair"
-780207.242937179,1184317.2763512,26.63,"Poor"
-1170339.0551584,1266621.66068808,30.92,"Poor"
-982828.186722549,1320892.92351128,47.43,"Fair"
-1127808.20634171,1198444.17321672,49.98,"Fair"
-1058067.35054766,1583872.45634382,37.68,"Poor"
-749833.090276143,1297107.87964699,22.45,"Fair"
-775859.746005703,1083592.9722669,49.08,"Fair"
-1164218.47528921,1179078.79232932,28.93,"Poor"
-947259.368826817,1532265.08553609,31.53,"Poor"
-1036371.4052359,1181143.34696902,6.77,"Poor"
-808515.957351281,1538982.41007986,55.13,"Good"
-903603.951892354,1575831.06220715,35.35,"Poor"
-783694.072618542,1564691.93371463,39.45,"Fair"
-805927.854081974,1451369.43355412,31.65,"Fair"
-1068589.71073951,1594703.96850115,0,"Poor"
-843406.230849467,1398059.11309143,51.93,"Good"
-1746778.67315653,2115316.78437395,29,"Poor"
-1595409.46181349,2150061.82099959,51.37,"Fair"
-1786825.02281799,1998131.61046928,30.53,"Poor"
-1649598.88556449,2220275.87244691,50.47,"Fair"
-1577525.48397489,2239195.58653249,64.03,"Good"
-1572997.90857884,1851266.48650671,34.42,"Poor"
-1613882.66953418,2257217.71309615,38.28,"Poor"
-1684005.59155694,2204381.34800011,35.77,"Poor"
-1911239.74020742,2339068.36035091,15.42,"Poor"
-1626123.40548532,2137911.42098312,49.67,"Fair"
-1663012.11054021,2177137.9170161,23.42,"Poor"
-1706424.02408262,2150645.10068043,63.02,"Good"
-1671656.13641608,1499259.15818599,16.32,"Poor"
-1784008.1420172,2290961.19921556,32.13,"Poor"
-1765944.22072583,2243761.85615171,41.83,"Poor"
-1882382.94208913,2272773.48149566,69.45,"Good"
-1576152.22288232,1953173.90940307,70.83,"Good"
-1645057.52891825,2150289.77539283,12.95,"Poor"
-1631218.36958331,1670170.12744395,56.43,"Fair"
-1678731.00685485,1933390.76861557,20.7,"Poor"
-1814383.08638284,2198998.36490338,40.72,"Poor"
-1726375.65716799,2153166.73402042,7.07,"Poor"
-1606122.82820299,2263644.98212488,61.18,"Good"
-1775479.56669721,2314699.21936209,9.8,"Poor"
-1750002.3316966,2283035.55394371,44.15,"Fair"
-2014977.61181854,2037300.23179904,50.53,"Fair"
-1621231.17984178,2203134.59041154,30.33,"Poor"
-1757720.07506046,1949461.68461362,30,"Poor"
-1860391.54551227,2152373.95220424,38.83,"Poor"
-1728612.49961641,2149493.44548307,52.43,"Fair"
-1623230.34686533,2276451.85742026,65.75,"Good"
-1849622.30314804,2249248.85364129,36.37,"Poor"
-2001126.6360582,2047489.60866232,35.68,"Poor"
-1612740.61885952,2179769.06003401,36.55,"Poor"
-1746905.95722899,2169490.20774484,59.57,"Good"
-1765571.79663694,2198686.62227425,43.33,"Fair"
-1680673.79100668,2109811.46392061,35.47,"Poor"
-1821130.82717558,1955752.84123581,67.77,"Good"
-1835406.37656117,2179468.2132397,28.72,"Poor"
-1529867.54960073,2249130.50227345,68.12,"Good"
1665033.72068161,2586326.57025211,21.63,"Poor"
1627554.29587509,2391968.79382891,6.82,"Poor"
1763850.35284678,2626579.30182336,60.13,"Good"
1819465.77353968,2395189.63164349,63.72,"Good"
1483301.03364366,2343076.19379918,16.58,"Poor"
1549277.16223428,2301911.02468529,41.42,"Fair"
1693772.85031598,2562065.60588958,39.68,"Poor"
1745966.64366688,2365867.68303561,79.62,"Good"
1817395.31493674,2274804.30134207,44.65,"Fair"
1652725.69293423,2336004.49777193,52.63,"Fair"
1562145.6519121,2375496.70290407,1.85,"Poor"
1545070.45409088,2281772.14641545,51.37,"Fair"
1773326.05836756,2409827.44033019,35.33,"Poor"
1555644.10259413,2382163.73888842,15.62,"Poor"
1640928.14906394,2303529.24340127,52.88,"Fair"
1710546.71466975,2628356.13897999,74.85,"Good"
1782094.49875946,2460140.63345894,17.88,"Poor"
1598599.36219547,2534042.92843893,18.1,"Poor"
1798503.54749212,2375086.90455811,7.72,"Poor"
1436053.28889684,2253112.47131855,18.23,"Poor"
1432673.77306769,2250803.13226555,13.02,"Poor"
1583245.65499813,2402807.94307206,17.82,"Poor"
1600484.69607056,2279798.29818398,69.38,"Good"
1754372.5671021,2417664.9290574,0.55,"Poor"
1649373.33427722,2326669.77650428,27.4,"Poor"
1794044.93632526,2463790.95641778,31.72,"Poor"
1711227.67312254,2475989.40351524,74.1,"Good"
1466357.12193314,2347549.87858497,18.73,"Poor"
1797748.28896328,2326823.43617754,21.75,"Poor"
1481148.66037016,2329777.47515443,4.85,"Poor"
1636841.46885863,2606246.94272271,41.02,"Fair"
1410094.15075829,2315987.69886285,24.4,"Poor"
1665286.59846036,2418680.14773959,23.57,"Poor"
1571336.27102441,2419345.30593548,11.22,"Poor"
1661310.9071057,2303659.62551552,30.15,"Poor"
1618151.64462243,2579002.88771454,38.55,"Poor"
1730478.94725052,2407527.81098043,27.25,"Poor"
1774487.31698943,2268579.73198321,54.5,"Good"
1367247.79231854,2244513.99479779,3.8,"Poor"
1653396.22198406,2391667.47109222,16.42,"Poor"
1541665.28066077,2380271.75844099,0,"Poor"
1404734.13520557,2264860.02099052,50.08,"Fair"
1578110.71123201,2356486.07967408,38.4,"Poor"
1655839.06737661,2344833.77532002,47.53,"Fair"
1661277.67722604,2575315.82342262,66.45,"Good"
1725262.4812557,2608139.32487614,62.78,"Good"
1198451.03377595,2060057.46723894,0,"Poor"
1254355.51503621,1943625.12405802,21.78,"Poor"
1217657.4528398,2071014.70695884,8.92,"Poor"
1119136.25773749,1936661.92498763,56.37,"Good"
1134711.53220087,1974685.58641636,35.3,"Poor"
1110605.08037642,2110172.38899481,26.37,"Poor"
1219116.86289417,2151801.28118181,9.48,"Poor"
1275361.36845075,1988017.0164639,34.43,"Fair"
1268247.74214156,2067783.91129042,8.73,"Poor"
1110235.30882063,1885899.95624956,27.07,"Poor"
1197922.04738105,1947880.05204223,9.15,"Poor"
1246953.24142914,2187609.30462742,16.85,"Poor"
1186557.13395203,2005142.17066843,42.25,"Fair"
1221074.0712708,2046111.33762996,32.9,"Fair"
995898.690378714,1851335.99534039,68.97,"Good"
937116.444087663,2076167.86014468,2.08,"Poor"
1233002.62875249,1921515.40556879,14.33,"Poor"
1176387.83992909,2104742.0686623,40.13,"Poor"
1113091.04673954,1831631.16615782,24.23,"Poor"
1063360.36907087,2073806.37912051,77.23,"Good"
1239770.53702834,2025429.9266654,8.67,"Poor"
1239159.95530385,2186651.0079433,10.98,"Poor"
1258358.74713109,2123117.5067772,15.13,"Poor"
1075210.83930032,1961028.89667732,79.73,"Good"
1148808.98335061,1967130.02724696,36.6,"Poor"
1158348.14745521,2056529.63580536,3.7,"Poor"
997503.546399382,1914381.28978846,40.45,"Good"
1086662.30114656,2018966.82510359,71.38,"Good"
1132021.84177122,2011706.12632344,43.48,"Fair"
998810.441043309,1946627.844694,78.32,"Good"
944241.538221131,2062434.06738682,2.08,"Poor"
1192108.30767568,1906561.22632498,28.65,"Poor"
1171033.57558864,2137227.12446855,13.12,"Poor"
1054146.86058495,2050476.81184418,35.9,"Fair"
1116893.89511932,1955988.04096932,34.25,"Fair"
1207197.71489213,2145897.04194173,35.37,"Poor"
-43293.9008490787,1416899.13076578,36.8,"Good"
-349494.602468771,1377763.5407902,24.3,"Fair"
-282836.030316176,1243268.61371295,24.62,"Fair"
-65885.8021677709,1242983.83578587,44.27,"Good"
-28388.9922609404,1387007.56237366,39.63,"Good"
-260289.831037082,1330736.84643093,5.88,"Poor"
-350866.628291466,1450288.72117439,13.75,"Poor"
-208788.599174144,1334578.17332896,40.33,"Good"
74849.6529242422,1404371.20845453,31.27,"Fair"
-146228.914851848,1310171.67123849,31.72,"Fair"
-118912.948851843,1440293.12457785,33.83,"Fair"
-314285.219078417,1436244.07301684,19.6,"Poor"
-125423.04036651,1546988.66274219,34.75,"Fair"
-92399.4051701804,1200225.6693068,26.22,"Fair"
-209147.763172643,1311364.80620732,19.52,"Poor"
18671.3548238448,1371512.37390246,26.25,"Fair"
-101673.251287231,1411273.93669899,51.1,"Good"
-281333.458982309,1390748.95326446,21.45,"Fair"
-190050.370952371,1447029.1338159,8.85,"Poor"
-166674.64284156,1431963.86823166,1.12,"Poor"
-275108.92048491,1285492.01072663,44.42,"Good"
85094.1087844362,1545736.71261804,13.45,"Poor"
-502197.406846763,1531806.00571167,13.92,"Poor"
-64631.607020262,1240039.87071781,13.17,"Poor"
41367.2844699371,1205264.5558794,39.43,"Poor"
-33804.3462422351,1407193.86604305,38.63,"Good"
-241961.004599642,1421411.35573181,59.42,"Good"
5809.15485801286,1390452.92052325,29.13,"Fair"
-141073.054928596,1354516.64580337,3.55,"Poor"
-272680.489277851,1433121.6262015,39.07,"Good"
-70151.7701955511,1315949.38456797,23.73,"Fair"
-281850.498867972,1322748.55950313,11.3,"Poor"
-181414.969614954,1206981.32665124,28.4,"Fair"
-117725.816111307,1323575.24151369,8.88,"Poor"
80888.8414118149,1205797.95384862,38.27,"Poor"
-89838.6960821668,1366277.07642909,15.5,"Poor"
-290745.886701649,1348301.21609225,29.25,"Fair"
-368665.459071854,1554935.77080196,2.15,"Poor"
-128972.713788995,1421603.78766787,55.12,"Good"
-279719.261790452,1242288.72345932,12.62,"Poor"
-131564.41228505,1515753.55221213,36.75,"Good"
131986.070880841,1353243.9275768,20.95,"Poor"
-105629.969742744,1296542.70267714,29.68,"Fair"
-334492.200445544,1394390.18609704,35.3,"Fair"
-32898.1259749724,1434932.70402918,57.52,"Good"
38455.1089343888,1451037.42203945,19.03,"Poor"
-108939.108596914,1246413.71105289,61.95,"Good"
117073.096011837,1275159.94458781,47.58,"Good"
-63852.786249418,1253879.07227302,76.22,"Good"
77884.7050901651,1549808.83212147,56.97,"Good"
-18828.7101557648,1411397.84355358,26.02,"Fair"
-2224098.57633437,2626405.19362929,25.37,"Poor"
-1817559.86169192,2712021.09571842,19.6,"Poor"
-2025902.28502305,2487175.42808795,41.62,"Fair"
-1852551.33003568,2635366.4452582,38.3,"Fair"
-1675279.96183079,2624057.15307855,45.78,"Fair"
-2171303.99143228,2636788.54488581,41.38,"Fair"
-1626377.66778973,2637646.37184888,45.12,"Fair"
-2124113.07756408,2788378.09972006,45.77,"Fair"
-2111271.92237393,2528816.3839404,61.02,"Good"
-2179993.89489302,2652906.1006389,40.52,"Fair"
-2021251.71146432,2769546.18297466,53.67,"Good"
-2066073.20738762,2640215.38859427,41.33,"Fair"
-2190871.00901131,2472321.24236379,17.33,"Poor"
-2099282.20128635,2687152.76793698,40.03,"Fair"
-2180875.80023515,2697596.82891804,28.22,"Poor"
-1901746.61735606,2710935.61978676,62.42,"Good"
-2166754.40854271,2569735.98412533,41.07,"Fair"
-2003957.14365687,2743491.14881578,76.78,"Good"
-1587091.13420884,2681465.84976554,9.88,"Poor"
-1956937.96196193,2619340.69888572,58.97,"Good"
-2134907.30459889,2648171.52804107,44.52,"Fair"
-2079459.71349363,2796589.13182534,9.18,"Poor"
-2056550.50636226,2439823.63363111,23.12,"Poor"
-1752164.08312775,2512938.05375389,20.97,"Poor"
-2177262.0216355,2746942.19465734,26.57,"Poor"
-1882083.93982419,2747468.56222246,52.68,"Fair"
-1603652.07360616,2704894.07293188,71.47,"Good"
-2122821.36623503,2592311.14238401,66.25,"Good"
-2068401.32675539,2708618.95016652,28.88,"Poor"
-1756027.49886822,2643396.89015605,78.57,"Good"
-2075503.28477792,2461004.83498001,13.17,"Poor"
-1742618.45951307,2428369.52969172,28.28,"Poor"
-2143687.24916493,2538633.13939412,85.22,"Good"
-2135602.47289301,2677543.23924454,38.2,"Fair"
-1731686.6229396,2631849.60217569,54.72,"Good"
-2282053.8945616,2506157.88091956,14.03,"Poor"
-2069543.97928961,2822155.36657944,72.58,"Good"
-1838929.36564229,2576550.96164497,30.97,"Poor"
-1651986.05922607,2736458.82443406,72.57,"Good"
-2091832.20089907,2645067.49335672,67.67,"Good"
-2180707.73232668,2604947.13396496,13.22,"Poor"
-2090544.72884046,2718076.69659856,61.13,"Good"
-1807942.21963439,2654217.08380265,60.88,"Good"
-1608100.91346525,2653235.5287802,2.43,"Poor"
-1832440.69864002,2464771.33042594,43.9,"Fair"
-2208457.33377243,2565497.04216114,67.97,"Good"
-1765752.19542793,2679141.40382413,48.08,"Fair"
-2058249.16354705,2798314.79190709,7.85,"Poor"
-2037108.73207562,2576473.63567432,6.42,"Poor"
1675613.55659208,2276882.08327378,61.78,"Good"
1469697.20560773,2197637.37733064,77.07,"Good"
1371976.69045741,1998432.72452968,20.9,"Poor"
1652828.28958668,2158178.55710158,57,"Good"
1709816.36309217,2114037.35763934,62.62,"Good"
1312218.58273535,2161637.78178797,45.55,"Fair"
1315318.94806655,2081167.91104551,13.05,"Poor"
1547435.42867128,2237757.1621893,56.77,"Good"
1413467.961314,2162173.59831186,21.07,"Poor"
1687130.86836973,2263136.00116516,6.7,"Poor"
1742403.89498036,2086424.65784181,24.58,"Poor"
1423213.94757009,2175542.42672866,9.85,"Poor"
1543954.08927402,2256049.48830822,30.8,"Poor"
1671960.92373353,2045256.8702997,24.28,"Poor"
1590470.03569238,2102036.10227674,39.62,"Fair"
1299294.15815508,2098333.81088726,18.15,"Poor"
1592684.49822168,2271422.25088066,53.13,"Fair"
1473169.91699575,2129021.71290496,9.75,"Poor"
1540671.65115741,2183049.70350349,65.28,"Good"
1314925.72378976,2111516.86405713,46.98,"Fair"
1520517.47869772,2215449.00314057,63.87,"Good"
1471936.77694115,2192454.76101627,75.7,"Good"
1589118.08048891,2019739.3531724,23.28,"Poor"
1673741.49278053,2228389.27494792,29.68,"Poor"
1717061.06688424,2088844.55932297,33.52,"Fair"
1429502.49065816,2203680.72173383,56.05,"Good"
1387531.67513411,2066911.80447736,21.83,"Poor"
1593691.58202853,2147721.10622576,23.95,"Poor"
1282462.24442191,2130988.38062664,25.8,"Poor"
1610322.54813829,2259313.61040002,54.32,"Fair"
1494802.14614761,2090062.44615111,46.97,"Good"
1532101.22434188,2190903.34705271,65.22,"Good"
1340057.94355252,2073689.25446856,10.82,"Poor"
1686233.45226014,2182344.22747972,54.32,"Fair"
1410470.79137404,2168533.58901801,9.5,"Poor"
1646446.38479275,2281030.18978219,35.38,"Poor"
1729272.12216303,2239526.83719619,46.8,"Fair"
1456932.8203748,2026247.16801587,32.27,"Fair"
2035535.16807966,2329458.56106599,55.95,"Good"
2006146.10223453,2358816.1396338,9.55,"Poor"
1983214.62468938,2296500.9996811,69.27,"Good"
2001094.06094688,2338423.55500058,27.62,"Poor"
1994201.68940777,2368412.1222633,15.65,"Poor"
1982617.05158222,2298251.26513523,34.57,"Poor"
1991832.59608215,2302780.8867087,63.43,"Good"
2003583.57352842,2339557.88189266,21.45,"Poor"
1996485.76842612,2366852.69200491,44.57,"Fair"
1983830.73242178,2299145.59197817,29.13,"Poor"
1974729.26869007,2346849.64293387,14.3,"Poor"
2004943.03768269,2344394.69076779,13.72,"Poor"
1990337.31101092,2311426.96267714,51.4,"Fair"
2000503.95510955,2351830.33767266,22.08,"Poor"
1155658.31281693,1375727.6340605,10.72,"Poor"
1572251.55892582,1344800.46684163,5.3,"Poor"
1512511.57104481,1336930.99939204,55.32,"Good"
1399091.36581394,1342320.15425878,58.45,"Good"
1289748.07815794,1375446.47943094,21.13,"Poor"
1457318.97773455,1317711.32559966,25.95,"Poor"
1484621.84245923,1345838.07188133,14.73,"Poor"
1359865.17070157,1429374.0856161,16.48,"Poor"
1533581.19292072,1325236.12671029,43.65,"Fair"
1175542.40249008,1381438.22618113,38.83,"Fair"
1405613.07665062,1317006.4221898,54.57,"Fair"
1227673.5590764,1374509.00307084,19.82,"Poor"
1551333.00464923,1304420.00836216,12.72,"Poor"
1270646.24982885,1264195.57185222,14.83,"Poor"
1350398.35111426,1261271.83165517,70.8,"Good"
1459553.76398799,1281369.25706611,11.43,"Poor"
1479787.28440978,1369067.01035606,65.25,"Good"
1354638.47766173,1336712.91731848,15.2,"Poor"
1296805.99894629,1330848.13882508,33.8,"Fair"
1457840.66554286,1311454.86208548,26.9,"Poor"
1475288.12719591,1394828.15901435,30.4,"Poor"
1371725.58624785,1417216.98556858,13.93,"Poor"
1545826.28255636,1290495.18263733,14.1,"Poor"
1565405.50070001,1345379.25372487,43.22,"Fair"
-161131.780074039,2492537.13758183,21.85,"Poor"
-494439.688507217,2316536.65504491,16.38,"Poor"
-231931.981164693,2272391.0894632,47.03,"Fair"
-496496.571855174,2509653.21536801,31.45,"Poor"
-466241.330225522,2295872.09189015,72.05,"Good"
-410556.319472237,2542843.89560919,19.57,"Poor"
-629413.561113532,2441590.12007528,49.82,"Fair"
-550055.72330411,2274497.01921178,10.42,"Poor"
-517884.137835542,2480794.75236706,38.2,"Poor"
-574876.74636496,2505433.58731465,46.55,"Fair"
-454836.094926158,2536118.91640825,73.75,"Good"
-572428.360347874,2408917.18394834,79.05,"Good"
-394826.04156878,2357172.69093222,46.48,"Fair"
-514875.303016076,2282688.33548621,7.15,"Poor"
-276517.426340671,2319461.23410722,16.73,"Poor"
-619537.760180214,2391516.41000958,15.1,"Poor"
-397168.834009203,2513044.29766551,22.8,"Poor"
-378080.421800732,2528351.51068753,44.75,"Fair"
-565636.250979966,2331456.84824292,43.43,"Fair"
-81448.1792174917,2222975.47419236,37.97,"Fair"
-465820.622749227,2541385.92245715,80.48,"Good"
-207666.521683271,2448762.74595765,18.03,"Poor"
-435108.866994138,2351693.06459337,27.07,"Poor"
-516398.970691231,2441602.79990751,10.78,"Poor"
-643328.662690493,2296944.06362512,34.5,"Poor"
-431442.856065958,2412562.11521054,50.63,"Fair"
-606825.206045483,2449946.86183228,21.08,"Poor"
-257494.93100328,2253950.68107864,25.03,"Poor"
-392274.83243429,2323246.68570577,14.17,"Poor"
-364430.618026018,2539650.87243746,38.85,"Poor"
-575801.892715538,2373671.23998519,49.82,"Fair"
-104024.204968064,2207114.00017388,38.22,"Fair"
-497230.80644942,2531433.6579768,46.38,"Fair"
-561884.318037618,2311187.82259228,62.65,"Good"
-55528.7123765215,2485116.18641599,53.87,"Good"
-356182.018624881,2312549.69193952,43.95,"Fair"
-540215.450488482,2397710.93842431,25.6,"Poor"
-468746.225339972,2308812.00569735,44.25,"Fair"
-625294.565789351,2529569.7893864,70.73,"Good"
-252166.692195769,2343625.70219636,24.5,"Poor"
-521462.340296896,2294906.88863084,40.68,"Poor"
-541676.701353928,2477374.25978793,25.43,"Poor"
-305530.1080843,2331093.4235795,53.28,"Fair"
-226820.369959539,2233878.70675549,32.43,"Poor"
-462671.533910312,2250775.90119254,83.12,"Good"
-433020.625409129,2520997.74255314,35.92,"Poor"
-543206.235195809,2570369.96627637,26.15,"Poor"
-347441.089840337,2380747.57900951,23.93,"Poor"
-622595.92008807,2276241.43928907,57.93,"Good"
-531747.726850521,2341187.08595677,41.2,"Poor"
-38810.5838634991,2323878.54278555,57.68,"Good"
-544599.498994899,2329854.71559903,40.47,"Poor"
-493770.530821736,2550620.71932544,50.73,"Fair"
-576497.691283456,2569339.79631383,23.83,"Poor"
-577912.521239754,2295450.75206743,81.37,"Good"
-457213.994726352,2349865.41190003,40.77,"Poor"
-78857.5893524538,2340923.46045912,22.07,"Poor"
-637437.62478719,2291005.30492272,35.78,"Poor"
-619867.757083888,2364471.28897457,24.42,"Poor"
-569883.873071215,2397607.06777736,23.55,"Poor"
-281722.650908344,2303733.92682563,48.7,"Fair"
1041359.65201618,1545234.50345979,47.92,"Good"
1082134.65233479,1569258.00165789,14.68,"Poor"
1201661.74474645,1576109.6452075,10.1,"Poor"
739674.361498654,1506958.49068651,57.92,"Good"
1241424.74605204,1589243.09443874,41.75,"Fair"
1053017.05488349,1436257.24865838,59.32,"Good"
614468.734871064,1482048.41393224,25.4,"Poor"
928222.449669036,1557961.02813097,11.87,"Poor"
1109747.13927538,1506093.34230481,11.87,"Poor"
959710.289465548,1392215.21261794,8.37,"Poor"
782796.010917073,1438065.78638454,38.25,"Fair"
994361.925723155,1460918.28994037,23.45,"Poor"
1139831.94390008,1529733.3536494,43.67,"Fair"
638179.874594417,1374132.4865823,24.6,"Poor"
565899.384518555,1485244.37327042,37.67,"Poor"
829745.061109562,1501851.90536289,0.92,"Poor"
1117397.3074957,1493284.95160316,6.88,"Poor"
816186.082221954,1373362.53738475,46.25,"Good"
728779.529682031,1459013.7906292,50.17,"Good"
1088005.13560168,1503343.54676599,48.02,"Good"
661413.606436119,1408402.91347868,42.8,"Fair"
760878.880488686,1446085.59194301,50.88,"Good"
811881.425805563,1426936.61050878,11.38,"Poor"
1156863.29650708,1543095.55776404,45.12,"Good"
627564.605396649,1389111.14960337,33.68,"Poor"
589349.700981118,1479969.66152392,44.67,"Fair"
1095817.00026932,1565525.33909069,46.87,"Good"
562721.022354781,1356912.80330805,60.9,"Good"
1045062.23418259,1475514.83893185,4.97,"Poor"
870472.826910022,1387174.5664601,34.93,"Fair"
613069.733644132,1362251.36694134,27.62,"Poor"
563643.921146888,1465657.01682965,31.35,"Poor"
1059278.20350198,1550605.33559119,35.27,"Fair"
640105.357636642,1510636.78864433,43.32,"Fair"
582176.816664225,1511812.12940601,57.93,"Good"
534635.393280513,1368059.6742771,16.67,"Poor"
543542.803150928,1419832.87349759,21.97,"Poor"
558386.537169071,1432860.02664165,45.7,"Fair"
535797.528374918,1360040.42642823,28.8,"Poor"
521223.389390996,1345031.51702636,28.75,"Poor"
76264.0904075118,845817.760384915,39.72,"Poor"
-85355.1709630167,1106552.88647482,27.68,"Fair"
-278071.587688851,805491.180530033,65.37,"Good"
-184660.346253999,1024949.58493796,46.47,"Good"
-154291.913473925,589673.301449876,38.23,"Poor"
132937.635181448,987929.659069185,16.8,"Poor"
157811.392711447,758282.750310224,36.12,"Poor"
-198041.658174167,837887.74134707,47.02,"Good"
142105.597332879,1112071.16124916,8.75,"Poor"
-476702.075862734,1426057.24718088,14.98,"Poor"
16105.1045175525,875967.093467082,27.12,"Poor"
-201047.937461218,948439.824400984,67.87,"Good"
-319145.314325284,1121212.1636169,67.25,"Good"
-133980.174363442,941717.689393476,49.72,"Good"
163280.353744872,839484.869458563,52.12,"Fair"
-181386.656719671,334390.606326373,20.58,"Poor"
-553641.641151782,760726.888893867,52.53,"Fair"
49036.4242253929,759571.089586646,29.43,"Poor"
-116285.069907556,1110272.4634391,40.2,"Good"
-145724.848404424,312256.134351346,33.28,"Poor"
-154574.896652074,867736.165380232,35.65,"Good"
-119014.158362615,1188791.35119153,34.63,"Fair"
-430979.11011267,1446589.49570754,2.85,"Poor"
-134725.671489434,676920.616133024,28.88,"Fair"
95903.2486059302,834254.834306594,22.33,"Poor"
-256619.794851052,357004.097170974,41.12,"Good"
-202427.137240567,583527.343150047,31.42,"Fair"
-238450.614550953,688067.165516505,73.68,"Good"
-732858.495168199,996211.220342707,10.35,"Poor"
-55593.1656324601,940127.884027939,18.62,"Poor"
-453629.068016913,664141.853074466,54.4,"Good"
-421068.622711575,1288165.69112111,25,"Fair"
53331.4038489474,984646.916042415,65.15,"Good"
-390410.277642865,973828.840291491,27.47,"Fair"
231438.201947097,870266.484710829,45.83,"Fair"
-373350.270260464,635678.467427086,27.7,"Fair"
-103243.057341892,942302.995420701,46.23,"Good"
179573.932356893,1137972.88734038,38.18,"Poor"
-917156.745576045,940614.027356921,33.28,"Poor"
-13247.7557208666,821696.156674862,45.05,"Fair"
-325891.901030903,1100920.89887673,41,"Good"
-540010.660263221,1394354.79980706,5.65,"Poor"
-387431.346081949,715846.030039505,47.73,"Good"
-315553.316885675,900640.335521695,31.38,"Fair"
-503708.40161896,1033890.15324014,10.17,"Poor"
-240415.303911607,829514.995276388,28.77,"Fair"
-184277.164916511,843926.012856545,58.98,"Good"
-28053.5776199732,645113.2865755,24.52,"Poor"
-371390.975550661,994069.000431757,19.22,"Poor"
-51638.2364443346,1078811.66880089,34.2,"Fair"
-108555.360930976,1157886.961636,38.62,"Good"
83994.7273050262,938281.768739607,8.52,"Poor"
-126378.761901995,1048037.48182811,11.33,"Poor"
-1514956.4263169,1751758.2899042,37.15,"Poor"
-1502152.88928818,2010801.46471464,60.67,"Good"
-1309299.66135649,1787878.75925312,56.17,"Fair"
-1394702.3947381,1819234.13669718,5.57,"Poor"
-1200685.56936568,2078514.84958154,66.38,"Good"
-1546278.94390672,1731016.70463139,40,"Poor"
-1279005.3672172,1916886.75876022,65.57,"Good"
-1452720.6411759,2224050.29726991,59.92,"Good"
-1391446.07209736,1775511.95277082,12.43,"Poor"
-1267304.89257489,2062594.97875161,45.77,"Fair"
-1157267.14097774,1656378.88862679,70.12,"Good"
-1274832.39383723,1890321.02656985,35.77,"Poor"
-1247602.39491161,2164923.31072717,17.1,"Poor"
-1283899.78221141,2101682.02089284,11.85,"Poor"
-1398444.27872699,1752759.24306439,7.7,"Poor"
-1119204.89249167,1862240.32858399,59.95,"Good"
-1186419.78325389,1788369.77320328,39.57,"Poor"
-1226075.50377515,1902368.61563613,58.57,"Good"
-1323902.28321384,1731770.36971117,36.12,"Poor"
-1295059.43376804,2176335.02593114,59.18,"Good"
-1389454.75793763,1950054.43283447,32.53,"Poor"
-1176333.53338387,1664876.60836225,76.08,"Good"
-1232870.13873261,1996909.72782875,44,"Fair"
-1210806.5447716,2076616.75876764,60.02,"Good"
-1397244.31623701,1726076.20407921,34.65,"Poor"
-1276867.37180312,1964967.44402967,0,"Poor"
-1395478.13835667,1832289.48942424,26.98,"Poor"
-1204919.81689719,1768868.45579581,45.8,"Fair"
-1540926.42355892,1702450.92618588,12.72,"Poor"
-1211669.36537652,1846996.24124498,23.38,"Poor"
-1203404.74873404,1659644.08049783,77.27,"Good"
-1180577.18728167,1944339.96719201,67.92,"Good"
-1395007.86405303,1695661.94979773,39.15,"Poor"
-1271977.65695689,1803352.83299708,39.87,"Poor"
-1389713.14631377,1801786.86329556,30.93,"Poor"
-1151684.33637827,1822309.59227175,78.13,"Good"
-1210139.16259508,1832798.06676048,53.37,"Fair"
-1208067.45850022,1888775.66411408,59.38,"Good"
-1463099.16642335,2225484.4818337,45.18,"Fair"
-1103865.71567357,2018685.40961724,54.55,"Fair"
-1397998.14902272,1840675.71449576,31.85,"Poor"
-1307306.14639017,2121155.81919797,29.6,"Poor"
-1340400.22724016,1755451.88279066,46.07,"Fair"
-1162072.62525708,1806584.53504639,17.97,"Poor"
-1134958.49643232,2049018.41560913,26.23,"Poor"
-1258978.15841234,2155107.96017405,38.15,"Poor"
-1426697.98543943,1714553.41565969,29.42,"Poor"
-1266616.58822377,1986250.40317296,35.53,"Poor"
-1240702.12032484,2081520.08173978,12.18,"Poor"
1459496.59153775,1779606.86216733,39.4,"Fair"
1435145.61707483,1808543.66254795,65.43,"Good"
1547892.35418506,1687011.54232047,17.1,"Poor"
1422454.89406038,1647569.8365343,8.48,"Poor"
1365139.64457551,1715366.40596934,68.03,"Good"
1486461.5643653,1755802.80147046,69.6,"Good"
1563402.38083562,1778675.36405725,21.23,"Poor"
1447563.11193772,1734681.75067416,65.97,"Good"
1582725.8573517,1838991.33699592,45.15,"Good"
1487324.33277218,1669764.51184392,37.97,"Fair"
1339094.36023892,1693686.54690596,52.28,"Good"
1551764.37883445,1854901.18684197,25.47,"Poor"
1506682.52011722,1660242.70148209,22.58,"Poor"
1348993.42139312,1616202.1438341,43.37,"Fair"
1473159.20486727,1829969.31589394,63.12,"Good"
1501927.69012503,1742498.78804454,25.47,"Poor"
1376851.58185858,1671020.62474632,22.82,"Poor"
1445926.91366321,1743975.62538163,7.33,"Poor"
1311416.24705434,1665607.06327763,38.33,"Fair"
1635999.48617165,1844904.67949033,46.75,"Fair"
1647907.06661884,1706473.47434589,65.75,"Good"
1432934.23270602,1625760.02571767,35.15,"Fair"
1394745.76451742,1786533.8522921,68.33,"Good"
1585430.34571036,1856057.00284908,72.85,"Good"
1502737.15708949,1640584.45836101,32.47,"Fair"
1326466.81360632,1674519.1572987,63.83,"Good"
1457677.6445484,1692441.96992098,55.83,"Good"
1539681.6677643,1753157.37812683,45.1,"Good"
1554047.54764649,1941947.01541715,3.05,"Poor"
1164031.16892318,1589022.18060892,39.7,"Fair"
1447118.44592167,1703936.21523143,27.67,"Poor"
1604892.80013428,1760931.44851625,20.53,"Poor"
1467886.67762468,1685514.30923279,34.87,"Fair"
1305452.03702658,1627246.7433674,39.95,"Fair"
1536373.13118433,1790923.18492204,58.45,"Good"
1577898.29002585,1676075.00647307,29.73,"Poor"
1854819.68817023,2596629.73749,61.18,"Good"
1810062.74821868,2643058.52459617,55.03,"Good"
1844032.66206329,2555392.676297,59.27,"Good"
1864775.512276,2659513.12009555,70.78,"Good"
1817109.62226562,2579506.60232293,60.2,"Good"
1889949.18317047,2434239.2182088,24.17,"Poor"
1836311.02348562,2548574.33536219,64.52,"Good"
1867479.4536474,2458158.01316526,41.97,"Fair"
1850877.10389493,2539502.40303331,70.02,"Good"
1858449.6899551,2443981.47704526,55.57,"Good"
1795669.53554474,2605778.93065671,11.77,"Poor"
1863084.73895231,2506861.98084672,38.53,"Poor"
1864389.69868082,2543419.58950409,50.55,"Fair"
1807706.87874768,2601022.4876496,67.52,"Good"
1833733.81219209,2526294.93301458,54.25,"Fair"
1880698.24541487,2531700.24778733,59.57,"Good"
1905106.56326055,2690013.92869456,56.58,"Good"
1832740.18846312,2595338.55835921,56.2,"Good"
1818091.50262669,2662795.36511654,72.93,"Good"
1876205.20491539,2578316.91746572,59.03,"Good"
1877574.23100341,2642471.94607674,58.55,"Good"
1879516.32659037,2447358.09273443,70.1,"Good"
1857337.04738691,2460834.22828152,58.18,"Good"
1854841.39245666,2537180.06146303,71.62,"Good"
-1659969.69239596,3049314.38473622,53.63,"Good"
-1964267.97145088,2926497.22068815,68.73,"Good"
-1970236.39845269,2849070.47836067,56.88,"Good"
-1810910.61024994,3003795.38025985,69.95,"Good"
-1850079.89635348,2960277.58146807,57.53,"Good"
-1957117.83321325,2836552.96959148,23.18,"Poor"
-2013327.99662847,2958320.20772284,14.52,"Poor"
-1738426.21597728,3101236.01276294,66.4,"Good"
-1881890.2814224,2766496.59167684,2.38,"Poor"
-1920306.4937115,3100747.13468646,12.43,"Poor"
-1885813.05504345,2862625.2863262,85.53,"Good"
-1698857.69486923,2786769.28175056,65.98,"Good"
-1978803.97639952,2889331.48154493,38.63,"Fair"
-1898457.31651082,3003760.12208253,58.45,"Good"
-2068783.26440081,2949878.7508252,17.05,"Poor"
-1748433.826809,2938745.55252653,37.35,"Poor"
-1914528.72009622,3021316.79246753,32.08,"Poor"
-2088447.28995349,2885359.40736267,1.17,"Poor"
-1891702.51320189,3110761.78100145,55.83,"Good"
-1802374.16685174,2811615.33812298,41.57,"Poor"
-1938778.29732136,3010721.2163668,22.95,"Poor"
-1788260.59569207,3034124.35548327,74.88,"Good"
-1630896.98313695,2814130.1919835,0,"Poor"
-2057280.87572037,2881884.89419133,34.48,"Poor"
-1591080.22862099,2921187.63420157,19.55,"Poor"
-2054906.46082033,2839107.71838584,0,"Poor"
-1900750.46764674,2897866.32211194,67.35,"Good"
-1797605.15533304,3051636.80913576,78.25,"Good"
-2093540.61228056,2983813.64206178,33.92,"Poor"
-1881650.27819782,2964255.5512506,50.55,"Good"
-2110898.55301037,2927142.42635833,49.47,"Fair"
-1718426.33143429,2767386.83907582,19.62,"Poor"
-2064100.76762456,3034477.92174385,32.68,"Poor"
-1576302.62609989,2948124.46642605,64.13,"Good"
-2087950.220995,2990012.36389958,61.75,"Good"
423674.691652649,2407704.00188514,0.33,"Poor"
389724.57151044,2641624.03177628,47.5,"Good"
371219.40934519,2467998.78983867,20.53,"Poor"
471573.372019234,2462429.83807337,39.55,"Good"
489876.691378896,2301182.85537568,25.65,"Fair"
413169.715069894,2515647.52862982,34.08,"Fair"
625565.156336991,2246845.33353451,30.3,"Fair"
495976.684529893,2220302.20526019,22.12,"Poor"
589363.785690951,2528586.54923058,55.08,"Good"
586312.369380571,2377069.58525983,10.38,"Poor"
607904.953946603,2298312.22691377,29.77,"Fair"
387152.566113925,2417076.01785486,17.22,"Poor"
371545.341884362,2528906.00044069,65.1,"Good"
311239.118483977,2638427.30568354,26.88,"Fair"
530689.731347947,2493946.76532516,41.22,"Good"
476361.558744236,2408501.63409835,25.47,"Fair"
420031.077370659,2368318.70579515,40.62,"Good"
401933.227386429,2338683.79984921,27.63,"Fair"
520735.973405942,2545613.03797843,36.33,"Fair"
261699.824780432,2415404.97818986,15.52,"Poor"
474835.159313446,2349926.53112346,44.3,"Good"
402658.577550808,2249249.61326886,38.47,"Good"
460434.566832046,2372751.47546731,12.75,"Poor"
437267.392919112,2182664.4858181,38.22,"Good"
498837.105583782,2263257.22587602,23.15,"Fair"
383058.068994934,2427463.37573314,45.43,"Good"
378647.024612718,2324495.18029041,39.72,"Good"
579544.486045698,2477079.33426481,30.3,"Fair"
431876.612018881,2294420.49395715,37.48,"Good"
405184.534335206,2614266.65934642,22.97,"Fair"
375646.845740902,2529298.08691247,57.97,"Good"
486009.521894204,2198876.83707625,44.2,"Good"
416859.333164726,2373926.6912884,51.78,"Good"
576433.725232217,2232737.24654098,24.5,"Poor"
324961.751549443,2381569.49846964,33.88,"Fair"
509984.426940707,2302788.73099482,8.68,"Poor"
350004.21725827,2448090.89774679,10.48,"Poor"
641515.704517061,2460251.00226891,28.95,"Fair"
380592.51212963,2306698.95101775,38.98,"Good"
490765.15451569,2502281.9866644,48.73,"Good"
322408.200087335,2424544.43118009,30.65,"Fair"
422970.114771633,2196171.25040606,41.15,"Good"
408058.3535421,2635515.56197557,39.97,"Good"
546901.433346055,2334293.21879767,26.92,"Fair"
625924.773354398,2527328.92882491,77.35,"Good"
433922.147999701,2448310.86741935,52.48,"Good"
406103.959605023,2230738.00377764,30.28,"Fair"
543360.812328599,2292858.78575934,0,"Poor"
274826.777888221,2480734.84870336,27.9,"Fair"
380266.887573232,2340161.44966524,35.5,"Fair"
406231.972145051,2443090.74886267,19.92,"Poor"
306200.799207017,2527681.71919067,53.75,"Good"
362779.297106281,2653331.65223776,56.13,"Good"
498140.438743022,2487460.80852709,54.55,"Good"
540531.886854559,2467469.03435085,47.58,"Good"
346813.066148833,2523286.92187257,22.32,"Poor"
1311202.43471357,1767200.3047349,15.65,"Poor"
1291096.46918592,1849644.47657727,42.7,"Fair"
1474207.48646381,1937125.48223418,61.45,"Good"
1340585.91488327,1949203.28312708,45.18,"Good"
1217973.75563666,1701081.76627067,34,"Fair"
1250242.20121991,1886236.04634588,18.25,"Poor"
1297935.30623711,1832111.50853823,39.98,"Fair"
1188267.87698496,1789127.36867923,23.05,"Poor"
1333688.07327416,1831980.05472771,57.97,"Good"
1243422.53194484,1794286.56292442,14.22,"Poor"
1191351.04264943,1841688.78748311,0,"Poor"
1490043.19446585,1957695.92051263,83.77,"Good"
1377030.70394668,1802163.34842673,61.97,"Good"
1170405.06342584,1776690.09004041,30.42,"Poor"
1494810.04970733,1966915.41517598,38.87,"Fair"
1265065.61805122,1897534.84820747,28.17,"Poor"
1283346.11193747,1930822.85889543,30.48,"Poor"
1294329.9358055,1856036.33069876,34.43,"Fair"
1181778.16509514,1800896.29389459,30.03,"Poor"
1355226.8306576,1962026.51364418,0,"Poor"
1281815.79073617,1714926.98380007,63.57,"Good"
1224613.00355825,1805505.26891504,1.68,"Poor"
1461175.7098924,1938434.31788405,55.6,"Good"
1339018.1527931,1741344.91374053,45.6,"Good"
1206344.80422684,1706049.54936489,29.75,"Poor"
1497698.90272898,1983486.15220608,50.33,"Good"
1198080.12388809,1781474.30093745,32.43,"Fair"
-1214290.81993659,2166454.51830132,19.5,"Poor"
-729781.590602193,2380923.99755868,33.87,"Poor"
-868377.663267258,2418156.65555277,8.33,"Poor"
-1067349.48246338,2282666.57116681,54.47,"Good"
-828541.415311335,2344021.82830505,31.38,"Poor"
-850994.701936225,2118287.04840449,70.83,"Good"
-1030710.19071718,2352761.02908444,20.83,"Poor"
-1189103.41974504,2412056.02456456,40.23,"Fair"
-707708.825709062,2155342.34108183,19.98,"Poor"
-970229.469769074,2507905.04163278,56.03,"Fair"
-797176.37753954,2458421.29768935,47.82,"Fair"
-1066889.90584247,2072832.8230367,43.47,"Fair"
-826158.175519186,2250486.48546696,47.87,"Fair"
-1084481.6983358,2140882.05582055,19.05,"Poor"
-1058485.19236218,2462360.65468178,64.85,"Good"
-827466.825524389,2313762.34061549,3.88,"Poor"
-870088.432112005,2476110.50392297,68.1,"Good"
-735352.436263511,2440036.59102032,24.52,"Poor"
-1190224.58716633,2207775.66843823,27.93,"Poor"
-944900.127642184,2423044.42711901,75.18,"Good"
-668439.208143402,2290935.12298155,25.73,"Poor"
-929654.846528479,2096755.23458884,10.97,"Poor"
-712298.961185367,2288785.73106998,45.05,"Fair"
-816138.612303546,2456298.5614225,81.63,"Good"
-811712.510050796,2373964.64519151,45.17,"Fair"
-841057.810117887,2249498.52716735,67.78,"Good"
-1148180.33300059,2191863.83058137,46.78,"Fair"
-868099.920172882,2401873.86215932,28.72,"Poor"
-688555.889429151,2408900.4918535,4.9,"Poor"
-736863.177310389,2158629.30145671,60.73,"Good"
-1189610.99172686,2293929.47900757,40.32,"Fair"
-983403.72788849,2455331.16332776,36.52,"Poor"
-651069.646588208,2309728.64195959,47.18,"Fair"
-902476.51303601,2122445.4739628,25.37,"Poor"
-799918.003679914,2466421.99437438,67.07,"Good"
-805604.931251245,2043698.15121692,69.13,"Good"
-1135859.62149449,2292844.32693472,64.28,"Good"
-753518.238444436,2365519.1904604,36.68,"Poor"
-825420.746625066,2169558.63568411,49.28,"Fair"
-1067199.97519945,2245832.73479284,77.63,"Good"
-710553.009964055,2313467.99138634,29.58,"Poor"
-856501.973337878,2325786.20985091,44,"Fair"
-657738.363756136,2318396.39559832,35.17,"Poor"
-1132977.76508765,2257015.89716173,56.37,"Fair"
-706758.984791681,2451194.35716682,39.25,"Poor"
-763544.322949067,2225698.9136968,68.78,"Good"
-809984.336923961,2239374.86436216,89.02,"Good"
-849408.300452382,2385534.20070627,47.35,"Fair"
-1113106.68960049,2377400.35487795,38.5,"Fair"
-1079717.4622875,2471045.05253044,44.43,"Fair"
-900074.741283005,2444793.93372454,17.83,"Poor"
-706474.593417041,2433397.99618142,31.72,"Poor"
-1181999.58737454,2221638.81327918,10.92,"Poor"
